client_id,company_name,siren,siret,vat_number,billing_email,billing_contact_name,phone,city,postal_code,country,account_status,last_invoice_date,source_file,notes
B2B-42411-0001,Négoce Lefebvre EURL,309232719,,FR63309232719,facturation.ngocelefebvreeurl@laposte.net,Pierre Bonnet,+33 1 30 49 23 84,Grenoble,38000,FR,Actif,2025-04-27,legacy_erp_export.csv,
B2B-49529-0002,Logistique Dubois & Fils,919058654,91905865401658,FR56919058654,facturation.logistiqueduboisfils@entreprise.fr,Catherine Petit,+33 7 91 68 29 65,Nantes,44000,FR,Inactif,2024-06-11,migration_batch_12.xlsx,Migration ERP en cours
B2B-52245-0003,Maintenance Blanc SARL,314737997,31473799742600,FR95314737997,facturation.maintenanceblancsarl@orange.fr,Catherine Richard,+33 7 53 45 86 99,Bordeaux,33000,FR,En attente,2023-05-08,partner_feed_b2b.csv,Email facturation manquant
B2B-68743-0004,Solutions Renault SASU,014363495,01436349545,FR90014363495,facturation.solutionsrenaultsasu@entreprise.fr,Julie Giraud,+33 7 44 49 42 39,Lille,59000,FR,Suspendu,2024-09-18,manual_onboarding_2023.xlsx,Compte créé avant réforme facturation électronique
B2B-88222-0005,Transports Lambert SAS,413435242,41343524205965,FR09413435242,facturation.transportslambertsas@gmail.com,Thomas Michel,+33 4 91 72 23 11,Nice,06000,FR,Inactif,2022-08-22,import_crm_2024_Q1.xlsx,SIRET à vérifier
B2B-74454-0006,Industrie Moreau SASU,190229415,19022941554548,FR09190229415,facturation.industriemoreausasu@societe.com,Anne Bonnet,+33 7 67 66 48 85,Reims,51100,FR,Actif,2023-03-09,manual_onboarding_2023.xlsx,
B2B-30585-0007,NÉGOCE PERRIN SARL,104332189,10433218911395,,facturation.ngoceperrinsarl@orange.fr,Pierre Giraud,+33 6 62 67 98 86,Paris,75001,FR,Suspendu,2025-04-22,legacy_erp_export.csv,SIRET à vérifier
B2B-25043-0008,Groupe Mercier EURL,832421025,83242102561433,FR27832421025,facturation.groupemerciereurl@laposte.net,,+33 9 66 20 86 15,Lyon,69001,FR,En attente,2025-04-17,import_crm_2024_Q1.xlsx,Migration ERP en cours
B2B-85529-0009,Maintenance Renault SARL,027874293,02787429345607,FR64027874293,facturation.maintenancerenaultsa@entreprise.fr,Isabelle Leroy,+33 4 52 62 98 73,Bordeaux,33000,FR,Actif,2022-08-26,partner_feed_b2b.csv,Compte créé avant réforme facturation électronique
B2B-10150-0010,Distribution Marchand France,876038599,87603859926680,FR40876038599,facturation.distributionmarchand@laposte.net,Thomas Robert,+33 9 99 72 25 13,Paris,75001,FR,Actif,2023-04-06,import_crm_2024_Q1.xlsx,Email facturation manquant
B2B-25396-0011,Industrie Marchand SASU,274846777,27484677750277,FR88274846777,facturation.industriemarchandsas@orange.fr,Anne Giraud,+33 4 18 45 63 53,Marseille,13001,FR,Suspendu,2024-09-29,legacy_erp_export.csv,Email facturation manquant
B2B-80592-0012,Industrie Roux SASU,755886758,75588675830613,,facturation.industrierouxsasu@entreprise.fr,Jean Leroy,+33 9 59 94 93 29,Strasbourg,67000,FR,Inactif,2022-07-24,migration_batch_12.xlsx,Email facturation manquant
B2B-12011-0013,Maintenance Bernard France,262174596,26217459688389,FR76262174596,facturation.maintenancebernardfr@societe.com,Philippe Leroy,+33 9 79 14 89 18,Nantes,44000,FR,Suspendu,2022-07-25,partner_feed_b2b.csv,
B2B-49251-0014,  Services Roux SASU  ,005045569,00504556974177,FR63005045569,facturation.servicesrouxsasu@orange.fr,Pierre Robert,+33 7 89 97 40 73,Strasbourg,67000,FR,Actif,2025-01-24,legacy_erp_export.csv,
B2B-67898-0015,Maintenance Renault SARL,594647430,,FR73594647430,facturation.maintenancerenaultsa@societe.com,Isabelle Bonnet,+33 7 12 94 60 45,Toulouse,31000,FR,Actif,2023-04-17,migration_batch_12.xlsx,Doublon suspecté
B2B-38705-0016,Transports Garnier & Fils,394210478,39421047811813,FR74394210478,facturation.transportsgarnierfil@laposte.net,Isabelle Lemaire,+33 6 26 79 56 77,Marseille,13001,FR,Actif,2023-11-25,import_crm_2024_Q1.xlsx,Email facturation manquant
B2B-19869-0017,  Groupe Lambert SARL  ,236851607,,FR54236851607,facturation.groupelambertsarl@laposte.net,Anne Moreau,+33 5 23 96 39 70,Bordeaux,33000,FR,Suspendu,2023-09-11,partner_feed_b2b.csv,
B2B-28320-0018,Services Faure EURL,004711388,00471138887881,FR15004711388,facturation.servicesfaureeurl@societe.com,Philippe Bonnet,+33 4 63 93 22 72,Nantes,44000,FR,Actif,2024-01-13,import_crm_2024_Q1.xlsx,Doublon suspecté
B2B-81364-0019,Industrie Dupont SARL,506431719,50643171943713,FR77506431719,facturation.industriedupontsarl@orange.fr,Pierre Bonnet,+33 6 85 37 39 52,Reims,51100,FR,En attente,2023-05-29,legacy_erp_export.csv,
B2B-96646-0020,Équipements Perrin SAS,133890832,13389083293850,FR6713389,facturation.quipementsperrinsas@gmail.com,Pierre Durand,+33 6 85 51 12 32,Bordeaux,33000,FR,Actif,2024-07-14,migration_batch_12.xlsx,Client prioritaire - relance facturation
B2B-90623-0021,soLUTiOnS MoREAU SaRl,940265427,94026542728221,FR15940265427,facturation@.fr,Julie Dupuis,+33 7 92 13 17 71,Strasbourg,67000,FR,Actif,2024-05-24,manual_onboarding_2023.xlsx,Migration ERP en cours
B2B-59060-0022,Solutions Laurent SASU,271111619,27111161976869,FR54271111619,facturation.solutionslaurentsasu@societe.com,Thomas Leroy,+33 9 55 95 64 16,Paris,75001,FR,Actif,2022-08-10,manual_onboarding_2023.xlsx,Compte créé avant réforme facturation électronique
B2B-58176-0023,équiPEMentS dUponT saSu,149368993,14936899386223,FR68149368993,facturation.quipementsdupontsasu@laposte.net,Jean Robert,+33 7 53 54 10 33,Saint-Étienne,42000,FR,Suspendu,2023-09-24,import_crm_2024_Q1.xlsx,Client prioritaire - relance facturation
B2B-61807-0024,Groupe Blanc SARL,900343249,,FR60900343249,,,+33 6 74 81 95 55,Paris,75001,FR,En attente,2024-05-29,migration_batch_12.xlsx,SIRET à vérifier
B2B-93904-0025,Distribution Garnier SARL,641605297,64160529713875,FR89641605297,facturation.distributiongarniers@orange.fr,Philippe Bonnet,+33 6 60 49 53 38,Strasbourg,67000,FR,Actif,2023-12-21,legacy_erp_export.csv,Client prioritaire - relance facturation
B2B-23474-0026,Distribution Marchand France,243292129,,FR93243292129,facturation.distributionmarchand@societe.com,Catherine Dupuis,+33 5 90 50 29 66,Rennes,35000,FR,Actif,2024-08-03,partner_feed_b2b.csv,
B2B-17456-0027,Distribution Lambert France,541199861,5411998610537,FR15541199861,facturation@.fr,Anne Dupuis,+33 7 74 29 17 67,Grenoble,38000,FR,Inactif,2024-12-09,migration_batch_12.xlsx,
B2B-57696-0028,Maintenance Bernard SASU,155940782,15594078216361,,facturation@.fr,Nicolas Moreau,+33 7 96 86 16 90,Nice,06000,FR,En attente,2022-11-04,manual_onboarding_2023.xlsx,
B2B-86380-0029,Équipements Faure & Fils,254629148,25462914843054,FR40254629148,facturation.quipementsfaurefils@orange.fr,François Lemaire,+33 1 92 95 64 75,Reims,51100,FR,Actif,2022-10-09,legacy_erp_export.csv,
B2B-48770-0030,Industrie Moreau EURL,959310342,95931034210458,FR14959310342,facturation.industriemoreaueurl@gmail.com,Thomas Giraud,+33 1 94 53 89 26,Nice,06000,FR,Actif,2024-04-21,manual_onboarding_2023.xlsx,Client prioritaire - relance facturation
B2B-68222-0031,Industrie Garnier & Fils,947383474,94738347457749,,facturation.industriegarnierfils@entreprise.fr,Nicolas Moreau,+33 7 30 35 87 27,Rennes,35000,FR,En attente,2022-09-13,manual_onboarding_2023.xlsx,
B2B-31012-0032,SERVICES LAMBERT & FILS,752553418,75255341879840,FR10752553418,facturation.serviceslambertfils@laposte.net,Catherine Giraud,+33 7 21 38 67 54,Toulouse,31000,FR,Suspendu,2023-11-18,legacy_erp_export.csv,
B2B-15020-0033,Transports Girard SAS,472779019,,FR62472779019,facturation.transportsgirardsas@societe.com,Julie Bonnet,+33 6 46 40 48 25,Le Havre,76600,FR,En attente,2025-01-02,import_crm_2024_Q1.xlsx,Compte créé avant réforme facturation électronique
B2B-85372-0034,Négoce Perrin SAS,324609535,32460953587584,FR27324609535,facturation.ngoceperrinsas@gmail.com,Thomas Leroy,+33 6 59 70 15 91,Montpellier,34000,FR,Suspendu,2022-08-01,migration_batch_12.xlsx,Doublon suspecté
B2B-27486-0035,Services Bernard & Fils,058527725,05852772559988,FR92058527725,facturation.servicesbernardfils@gmail.com,,+33 6 15 50 49 75,Reims,51100,FR,Actif,2023-11-11,manual_onboarding_2023.xlsx,
B2B-58237-0036,Solutions Dubois SA,667652775,6676527751082,FR02667652775,facturation.solutionsduboissa@entreprise.fr,Marie Moreau,+33 4 79 47 51 23,Reims,51100,FR,Actif,2023-12-24,migration_batch_12.xlsx,SIRET à vérifier
B2B-45986-0037,Négoce Marchand SARL,016582020,01658202008812,FR10016582020,facturation.ngocemarchandsarl@orange.fr,François Leroy,+33 6 87 29 96 67,Marseille,13001,FR,Suspendu,2023-07-25,legacy_erp_export.csv,
B2B-13396-0038,Distribution Lefebvre SASU,278681446,27868144690961,FR89278681446,facturation.distributionlefebvre@entreprise.fr,Sophie Petit,+33 6 67 32 66 21,Nice,06000,FR,Actif,2023-09-07,legacy_erp_export.csv,
B2B-57381-0039,  Solutions Lambert SASU  ,831323703,83132370361263,FR47831323703,facturation.solutionslambertsasu@societe.com,Pierre Bonnet,+33 1 49 60 71 77,Nantes,44000,FR,Suspendu,2024-11-25,manual_onboarding_2023.xlsx,
B2B-82260-0040,Services Mercier SAS,922680182,92268018242291,FR58922680182,facturation.servicesmerciersas@orange.fr,Isabelle Giraud,+33 1 42 35 91 80,Marseille,13001,FR,En attente,2022-11-12,legacy_erp_export.csv,Doublon suspecté
B2B-83874-0041,Maintenance Dupont EURL,001094390,00109439082203,FR23001094390,facturation.maintenanceduponteur@societe.com,Nicolas Dupuis,+33 9 41 97 61 48,Saint-Étienne,42000,FR,Actif,2023-10-03,manual_onboarding_2023.xlsx,Doublon suspecté
B2B-62260-0042,Transports Blanc EURL,276483501,27648350130021,FR23276483501,,Isabelle Giraud,+33 7 40 69 25 44,Nice,06000,FR,Actif,2023-11-02,migration_batch_12.xlsx,Doublon suspecté
B2B-34881-0043,Logistique Faure SASU,278774701,27877470131552,FR09278774701,facturation.logistiquefauresasu@orange.fr,Anne Leroy,+33 7 73 86 93 96,Bordeaux,33000,FR,Inactif,2024-01-20,import_crm_2024_Q1.xlsx,SIRET à vérifier
B2B-16705-0044,ÉQUIPEMENTS MARCHAND FRANCE,983584163,98358416336663,FR85983584163,facturation.quipementsmarchandfr@societe.com,François Bonnet,+33 6 60 57 53 81,Lille,59000,FR,Suspendu,2023-11-14,partner_feed_b2b.csv,Compte créé avant réforme facturation électronique
B2B-69898-0045,Maintenance Mercier SASU,298259525,29825952566494,FR50298259525,facturation.maintenancemerciersa@societe.com,Thomas Fournier,+33 5 70 12 57 52,Nantes,44000,FR,Actif,2024-08-29,manual_onboarding_2023.xlsx,Client prioritaire - relance facturation
B2B-16731-0046,Transports Moreau SAS,972896230,97289623057807,FR24972896230,facturation.societe,Philippe Robert,+33 6 62 74 88 70,Paris,75001,FR,Inactif,2024-12-12,partner_feed_b2b.csv,Doublon suspecté
B2B-32699-0047,Industrie Roux SA,785854977,78585497739124,FR22785854977,facturation.industrierouxsa@orange.fr,Nicolas Michel,+33 9 50 71 54 81,Lille,59000,FR,Inactif,2023-12-08,legacy_erp_export.csv,Migration ERP en cours
B2B-15513-0048,Équipements Girard SASU,415747339,41574733935601,FR24415747339,@domaine.fr,Marie Bonnet,+33 4 41 16 95 77,Grenoble,38000,FR,Actif,2025-02-01,legacy_erp_export.csv,SIRET à vérifier
B2B-95575-0049,Négoce Roux SASU,773454012,77345401294780,FR22773454012,facturation.ngocerouxsasu@gmail.com,Pierre Moreau,,Grenoble,38000,FR,Actif,2023-11-18,manual_onboarding_2023.xlsx,Email facturation manquant
B2B-94058-0050,logistique blanc sas,887287433,88728743360150,FR48887287433,facturation.logistiqueblancsas@laposte.net,Julie Robert,+33 7 47 82 96 34,Grenoble,38000,FR,Actif,2022-10-15,partner_feed_b2b.csv,Doublon suspecté
B2B-42512-0051,Négoce Dupont SA,046374546,04637454647127,FR42046374546,facturation.ngocedupontsa@orange.fr,Jean Dupuis,+33 7 30 61 97 74,Montpellier,34000,FR,Actif,2023-03-29,legacy_erp_export.csv,
B2B-72676-0052,Groupe Laurent SAS,139537678,13953767818726,FR40139537678,facturation.groupelaurentsas@orange.fr,Catherine Lemaire,+33 5 63 99 80 70,Grenoble,38000,FR,En attente,2024-07-03,migration_batch_12.xlsx,Doublon suspecté
B2B-20237-0053,Services Simon SA,910883985,91088398568202,FR74910883985,facturation.servicessimonsa@entreprise.fr,Marie Dupuis,+33 7 21 75 67 17,Le Havre,76600,FR,Suspendu,2022-02-14,partner_feed_b2b.csv,Migration ERP en cours
B2B-10395-0054,Services Dubois EURL,884969658,88496965828746,,facturation.servicesduboiseurl@orange.fr,,+33 7 99 18 79 17,Lyon,69001,FR,Suspendu,2024-05-10,manual_onboarding_2023.xlsx,SIRET à vérifier
B2B-68790-0055,Équipements Faure SASU,661825128,66182512895401,FR50661825128,facturation.quipementsfauresasu@orange.fr,Jean Durand,+33 9 96 79 64 78,Marseille,13001,FR,Actif,2022-03-07,partner_feed_b2b.csv,
B2B-41544-0056,Industrie Martin EURL,311907906,31190790630715,FR38311907906,facturation.industriemartineurl@societe.com,Sophie Durand,+33 7 39 83 50 83,Bordeaux,33000,FR,Actif,2024-04-26,manual_onboarding_2023.xlsx,Migration ERP en cours
B2B-17989-0057,Maintenance Dubois SA,892687055,89268705554568,FR11892687055,facturation.maintenanceduboissa@entreprise.fr,Pierre Michel,+33 7 40 38 48 28,Grenoble,38000,FR,Actif,2023-06-07,legacy_erp_export.csv,Doublon suspecté
B2B-94765-0058,Maintenance Martin France,175183045,17518304524662,FR43175183045,facturation.maintenancemartinfra@societe.com,Julie Dupuis,+33 7 36 52 48 11,Lyon,69001,FR,Suspendu,2023-02-23,partner_feed_b2b.csv,Client prioritaire - relance facturation
B2B-82362-0059,Solutions Dubois EURL,546785441,,FR05546785441,facturation.solutionsduboiseurl@entreprise.fr,Isabelle Richard,+33 7 15 82 38 28,Bordeaux,33000,FR,Actif,2024-02-17,migration_batch_12.xlsx,Client prioritaire - relance facturation
B2B-75444-0060,Services Laurent & Fils,854777252,85477725264004,FR95854777252,facturation.serviceslaurentfils@orange.fr,Thomas Dupuis,,Lille,59000,FR,Actif,2022-05-04,migration_batch_12.xlsx,Email facturation manquant
B2B-96413-0061,  Équipements Girard SASU  ,700886004,70088600402246,FR82700886004,facturation.quipementsgirardsasu@societe.com,Julie Dupuis,+33 6 23 22 77 29,Nice,06000,FR,Inactif,2025-03-03,legacy_erp_export.csv,Client prioritaire - relance facturation
B2B-49318-0062,Transports Dupont & Fils,101666877,10166687710837,FR51101666877,facturation.transportsdupontfils@entreprise.fr,Philippe Dupuis,+33 1 77 15 39 37,Marseille,13001,FR,Actif,2025-01-17,migration_batch_12.xlsx,
B2B-33508-0063,Services Roux SASU,503926148,,FR88503926148,facturation.servicesrouxsasu@societe.com,Isabelle Moreau,+33 4 98 20 74 54,Le Havre,76600,FR,Inactif,2023-10-31,import_crm_2024_Q1.xlsx,Migration ERP en cours
B2B-61068-0064,Négoce Marchand SASU,012269163,01226916350019,INVALID,facturation.ngocemarchandsasu@entreprise.fr,Sophie Leroy,+33 7 65 33 97 84,Nice,06000,FR,Actif,2024-01-09,import_crm_2024_Q1.xlsx,
B2B-10680-0065,Maintenance Marchand SASU,475412122,,FR79475412122,facturation.maintenancemarchands@entreprise.fr,Marie Durand,+33 6 86 86 51 59,Lille,59000,FR,Actif,2025-03-17,migration_batch_12.xlsx,
B2B-99825-0066,Services Marchand SARL,801845144,80184514456985,FR46801845144,facturation.servicesmarchandsarl@entreprise.fr,Pierre Robert,+33 7 73 28 18 31,Grenoble,38000,FR,En attente,2023-02-05,partner_feed_b2b.csv,
B2B-27758-0067,Solutions Perrin France,406596571,40659657185332,FR78406596571,facturation.solutionsperrinfranc@societe.com,Pierre Michel,+33 6 71 50 32 60,Le Havre,76600,FR,Inactif,2023-07-29,partner_feed_b2b.csv,Doublon suspecté
B2B-24927-0068,Industrie Marchand France,939828072,93982807290811,FR69939828072,facturation..dupont@mail.fr,Philippe Dupuis,+33 7 40 42 94 29,Nice,06000,FR,Suspendu,2024-05-06,migration_batch_12.xlsx,
B2B-57124-0069,Transports Faure France,891135297,89113529756420,FR58891135297,facturation.transportsfaurefranc@gmail.com,Jean Petit,,Nantes,44000,FR,Inactif,2022-06-25,import_crm_2024_Q1.xlsx,
B2B-55656-0070,Logistique Marchand & Fils,457387577,45738757759303,FR64457387577,facturation.logistiquemarchandfi@laposte.net,Marie Michel,+33 6 12 53 92 23,Grenoble,38000,FR,En attente,2024-05-23,partner_feed_b2b.csv,Client prioritaire - relance facturation
B2B-52727-0071,Services Garnier France,482814890,48281489026071,FR39482814890,facture.servicesgarnierfranc@orange.fr,Pierre Dupuis,+33 9 13 88 35 67,Marseille,13001,FR,Actif,2024-07-26,import_crm_2024_Q1.xlsx,Migration ERP en cours
B2B-97910-0072,Logistique Garnier SA,785969693,60012,DE14785969693,facturation.logistiquegarniersa@societe.com,Pierre Dupuis,+33 5 88 85 20 96,Le Havre,76600,FR,En attente,2022-10-10,migration_batch_12.xlsx,SIRET à vérifier
B2B-65448-0073,Services Simon SA,278282742,27828274259113,FR84278282742,facturation.servicessimonsa@societe.com,Jean Leroy,+33 9 27 34 59 81,Le Havre,76600,FR,Actif,2025-03-03,import_crm_2024_Q1.xlsx,Client prioritaire - relance facturation
B2B-48284-0074,Distribution Lambert SASU,043842798,04384279875066,FR92043842798,facturation.distributionlamberts@gmail.com,Nicolas Giraud,+33 5 79 15 66 79,Lyon,69001,FR,Actif,2024-07-10,manual_onboarding_2023.xlsx,Doublon suspecté
B2B-21401-0075,Services Laurent France,713395966,71339596627124,FR86713395966,facturation.serviceslaurentfranc@gmail.com,Anne Leroy,+33 6 51 47 47 83,Toulouse,31000,FR,Inactif,2022-05-02,manual_onboarding_2023.xlsx,
B2B-27392-0076,Groupe Perrin EURL,325367295,,FR15325367295,facturation.groupeperrineurl@gmail.com,Philippe Giraud,+33 5 68 72 51 84,Bordeaux,33000,FR,Actif,2022-05-10,migration_batch_12.xlsx,SIRET à vérifier
B2B-38551-0077,Négoce Laurent SASU,637454581,63745458163614,FR25637454581,facturation.ngocelaurentsasu@laposte.net,François Durand,+33 7 12 25 30 66,Le Havre,76600,FR,Actif,2022-11-22,manual_onboarding_2023.xlsx,
B2B-95798-0078,Industrie Perrin & Fils,541520647,54152064792235,,facturation.industrieperrinfils@gmail.com,Jean Richard,+33 6 85 38 76 97,Lyon,69001,FR,Inactif,2022-05-26,legacy_erp_export.csv,SIRET à vérifier
B2B-21708-0079,Services Bernard SASU,115542626,11554262601110,FR39115542626,facturation@,François Robert,+33 6 90 29 62 88,Rennes,35000,FR,Actif,2024-05-29,manual_onboarding_2023.xlsx,
B2B-42477-0080,Transports Mercier SAS,413899946,41389994679551,FR37413899946,facturation@,Sophie Lemaire,+33 6 40 73 59 24,Lille,59000,FR,En attente,2024-05-11,manual_onboarding_2023.xlsx,Compte créé avant réforme facturation électronique
B2B-99514-0081,Industrie Martin SARL,271091043,27109104352163,FR18271091043,facturation.industriemartinsarl@societe.com,Nicolas Dupuis,+33 9 64 99 61 20,Reims,51100,FR,Actif,2025-01-03,manual_onboarding_2023.xlsx,SIRET à vérifier
B2B-86865-0082,Logistique Marchand SASU,146303167,,FR33146303167,facturation.logistiquemarchandsa@laposte.net,François Lemaire,+33 4 25 11 27 99,Rennes,35000,FR,Actif,2022-09-17,manual_onboarding_2023.xlsx,
B2B-13847-0083,Groupe Roux SARL,880957017,88095701747576,FR42880957017,facturation.grouperouxsarl@laposte.net,Philippe Michel,+33 7 83 90 19 73,Toulouse,31000,FR,Actif,2024-11-08,import_crm_2024_Q1.xlsx,
B2B-39253-0084,Distribution  Lambert  SAS,911718225,91171822586474,FR00911718225,facturation.distributionlamberts@orange.fr,Jean Fournier,+33 6 32 14 80 93,Nice,06000,FR,En attente,2022-04-05,partner_feed_b2b.csv,
B2B-70960-0085,Industrie Mercier SASU,445187057,,FR96445187057,facturation.industriemerciersasu@societe.com,Sophie Fournier,+33 7 35 79 41 29,Reims,51100,FR,Actif,2022-01-03,partner_feed_b2b.csv,Migration ERP en cours
B2B-23624-0086,Solutions Marchand SASU,896383464,89638346488039,FR04896383464,compta.solutionsmarchandsas@orange.fr,Thomas Richard,+33 6 28 45 21 15,Bordeaux,33000,FR,Inactif,2022-06-03,migration_batch_12.xlsx,
B2B-67014-0087,Distribution Girard SAS,234456558,2344565582656,FR85234456558,facturation.distributiongirardsa@orange.fr,Anne Petit,+33 6 67 69 50 62,Lyon,69001,FR,Actif,2023-09-16,migration_batch_12.xlsx,
B2B-38183-0088,Groupe Girard France,521356808,521356808,FR47521356808,facturation.groupegirardfrance@entreprise.fr,Catherine Giraud,+33 4 22 69 23 27,Marseille,13001,FR,Suspendu,2022-06-22,migration_batch_12.xlsx,Migration ERP en cours
B2B-19828-0089,Transports Marchand SARL,013721519,01372151975220,FR00013721519,facturation.transportsmarchandsa@entreprise.fr,Julie Moreau,,Marseille,13001,FR,Actif,2023-08-28,partner_feed_b2b.csv,SIRET à vérifier
B2B-82179-0090,Équipements Roux & Fils,701462638,70146263871258,FR86701462638,facturation.quipementsrouxfils@gmail.com,Philippe Lemaire,+33 7 54 82 74 51,Reims,51100,FR,Actif,2024-08-24,migration_batch_12.xlsx,Doublon suspecté
B2B-86544-0091,Industrie Faure SA,321334800,32133480022768,FR79321334800,facturation.industriefauresa@orange.fr,Sophie Bonnet,+33 7 85 13 99 55,Saint-Étienne,42000,FR,Inactif,2025-01-15,manual_onboarding_2023.xlsx,
B2B-74282-0092,  Distribution Dupont SA  ,010393086,01039308680495,FR75010393086,facturation.distributiondupontsa@orange.fr,Pierre Leroy,+33 5 17 12 28 85,Saint-Étienne,42000,FR,En attente,2022-07-26,manual_onboarding_2023.xlsx,Migration ERP en cours
B2B-52284-0093,Solutions Roux & Fils,226752895,22675289522983,FR25226752895,facturation.solutionsrouxfils@entreprise.fr,,+33 4 32 10 99 83,Rennes,35000,FR,En attente,2023-03-29,migration_batch_12.xlsx,
B2B-75035-0094,Solutions Marchand SARL,251355215,25135521527483,FR73251355215,facturation.solutionsmarchandsar@orange.fr,Julie Petit,+33 6 10 16 59 66,Nice,06000,FR,Actif,2024-09-08,migration_batch_12.xlsx,Client prioritaire - relance facturation
B2B-31319-0095,Logistique  Blanc  SAS,710405416,71040541649212,FR63710405416,facturation.logistiqueblancsas@orange.fr,Julie Petit,+33 6 53 86 88 71,Saint-Étienne,42000,FR,Actif,2023-01-25,partner_feed_b2b.csv,Compte créé avant réforme facturation électronique
B2B-80795-0096,Équipements Renault SAS,444310693,44431069347294,FR92444310693,facturation@,Philippe Petit,+33 7 35 22 13 36,Paris,75001,FR,Suspendu,2023-06-27,import_crm_2024_Q1.xlsx,Compte créé avant réforme facturation électronique
B2B-60793-0097,Distribution Marchand SA,256527048,25652704835200,FR34256527048,facturation.distributionmarchand@societe.com,Jean Robert,+33 1 20 95 54 79,Toulouse,31000,FR,En attente,2024-08-30,migration_batch_12.xlsx,Client prioritaire - relance facturation
B2B-72424-0098,Négoce Laurent SARL,416089896,41608989658856,FR77416089896,facturation.ngocelaurentsarl@orange.fr,Pierre Richard,+33 4 15 64 20 97,Reims,51100,FR,Actif,2022-06-28,partner_feed_b2b.csv,Compte créé avant réforme facturation électronique
B2B-62082-0099,Équipements Perrin SARL,854870999,85487099919613,FR36854870999,facturation.quipementsperrinsarl@orange.fr,Anne Bonnet,+33 6 23 82 22 46,Strasbourg,67000,FR,Inactif,2022-03-18,legacy_erp_export.csv,Migration ERP en cours
B2B-62818-0100,Transports Renault SA,299606532,48816,FR51299606532,facturation.transportsrenaultsa@gmail.com,Isabelle Michel,+33 7 99 97 22 39,Saint-Étienne,42000,FR,Suspendu,2022-07-02,legacy_erp_export.csv,Email facturation manquant
B2B-37707-0101,Groupe Dubois EURL,678508215,,FR27678508215,facturation.groupeduboiseurl@societe.com,Jean Robert,+33 6 17 41 14 68,Marseille,13001,FR,Actif,2022-03-04,legacy_erp_export.csv,Doublon suspecté
B2B-74066-0102,Services Girard & Fils,972798550,97279855090289,FR21972798550,facturation.servicesgirardfils@gmail.com,Nicolas Durand,+33 6 83 37 38 92,Le Havre,76600,FR,Suspendu,2022-01-19,partner_feed_b2b.csv,
B2B-94852-0103,Maintenance Faure France,290349445,29034944560161,FR84290349445,facturation.maintenancefaurefran@laposte.net,Sophie Fournier,+33 7 84 23 10 75,Nantes,44000,FR,Suspendu,2022-08-10,partner_feed_b2b.csv,
B2B-54077-0104,Industrie Martin France,454443282,45444328278647,FR96454443282,facturation.industriemartinfranc@entreprise.fr,François Leroy,+33 1 93 73 47 43,Le Havre,76600,FR,Actif,2023-04-01,migration_batch_12.xlsx,Email facturation manquant
B2B-98063-0105,Distribution Laurent & Fils,584282413,58428241395051,FR21584282413,facturation.distributionlaurentf@societe.com,Pierre Dupuis,+33 1 38 55 38 49,Nice,06000,FR,Actif,2025-04-10,migration_batch_12.xlsx,
B2B-71894-0106,Services Laurent SAS,381684604,38168460453633,FR58381684604,,Catherine Robert,+33 6 20 72 52 90,Nantes,44000,FR,En attente,2022-11-21,partner_feed_b2b.csv,
B2B-26961-0107,Transports Lambert SAS,966667603,96666760348903,FR29966667603,facturation..dupont@mail.fr,Isabelle Giraud,+33 6 90 41 38 98,Grenoble,38000,FR,Actif,2023-08-19,partner_feed_b2b.csv,Compte créé avant réforme facturation électronique
B2B-88167-0108,services faure sarl,856257531,85625753129402,FR78856257531,facturation.servicesfauresarl@orange.fr,Sophie Lemaire,+33 6 25 56 93 14,Toulouse,31000,FR,Suspendu,2022-02-10,import_crm_2024_Q1.xlsx,
B2B-64627-0109,Transports Mercier EURL,761847237,761847237,FR78761847237,facturation.transportsmerciereur@societe.com,Nicolas Bonnet,+33 4 63 23 75 89,Montpellier,34000,FR,Actif,2024-01-04,partner_feed_b2b.csv,Migration ERP en cours
B2B-31020-0110,Transports Bernard SARL,087375308,08737530875255,FR23087375308,facturation.transportsbernardsar@entreprise.fr,Pierre Petit,+33 1 22 42 92 39,Le Havre,76600,FR,Actif,2024-01-08,manual_onboarding_2023.xlsx,SIRET à vérifier
B2B-25191-0111,NÉGOCE GIRARD & FILS,100225579,10022557948840,FR29100225579,facturation.ngocegirardfils@laposte.net,Pierre Petit,+33 7 44 59 98 71,Lyon,69001,FR,Actif,2024-05-02,migration_batch_12.xlsx,Email facturation manquant
B2B-84572-0112,Distribution Renault SARL,729659026,72965902653907,FR12729659026,facturation.distributionrenaults@entreprise.fr,Jean Petit,+33 7 11 96 77 83,Saint-Étienne,42000,FR,En attente,2022-07-15,partner_feed_b2b.csv,Client prioritaire - relance facturation
B2B-73167-0113,Équipements Renault France,562890020,56289002021679,FR79562890020,facturation.quipementsrenaultfra@gmail.com,Catherine Leroy,+33 7 16 74 38 80,Bordeaux,33000,FR,Inactif,2024-07-04,manual_onboarding_2023.xlsx,
B2B-75191-0114,Logistique Mercier SASU,016608805,01660880527112,FR49016608805,facturation.logistiquemerciersas@entreprise.fr,Isabelle Leroy,+33 4 68 52 81 89,Lille,59000,FR,Actif,2023-12-01,manual_onboarding_2023.xlsx,Migration ERP en cours
B2B-81786-0115,Logistique Girard SASU,851027265,85102726524581,FR00851027265,facturation.logistiquegirardsasu@gmail.com,Philippe Richard,+33 6 53 23 63 15,Toulouse,31000,FR,En attente,2022-10-03,partner_feed_b2b.csv,
B2B-79515-0116,Services Laurent SARL,086978294,08697829486182,FR44086978294,facturation.serviceslaurentsarl@societe.com,Anne Leroy,+33 7 63 87 98 41,Strasbourg,67000,FR,Suspendu,2024-11-15,manual_onboarding_2023.xlsx,Compte créé avant réforme facturation électronique
B2B-51144-0117,services dubois sasu,833394525,83339452583476,FR51833394525,facturation.servicesduboissasu@laposte.net,Julie Petit,+33 9 84 83 95 63,Grenoble,38000,FR,Actif,2024-02-20,legacy_erp_export.csv,
B2B-97851-0118,Groupe Lefebvre France,034244201,03424420104234,FR12034244201,facturation.groupelefebvrefrance@laposte.net,Catherine Petit,,Lille,59000,FR,Inactif,2023-10-03,migration_batch_12.xlsx,
B2B-11699-0119,Négoce Lefebvre France,439735985,43973598525362,FR13439735985,facturation.ngocelefebvrefrance@laposte.net,Catherine Robert,+33 1 33 32 75 25,Grenoble,38000,FR,Actif,2024-08-13,legacy_erp_export.csv,
B2B-30146-0120,Solutions Bernard France,590947989,59094798941,FR05590947989,facturation.solutionsbernardfran@societe.com,Sophie Robert,+33 6 63 79 78 61,Grenoble,38000,FR,En attente,2024-12-22,partner_feed_b2b.csv,Compte créé avant réforme facturation électronique
B2B-95105-0121,Transports Blanc EURL,015739934,01573993414860,,facturation.transportsblanceurl@entreprise.fr,Nicolas Giraud,+33 1 76 57 75 75,Saint-Étienne,42000,FR,Actif,2025-01-06,migration_batch_12.xlsx,
B2B-92173-0122,Logistique Laurent SARL,133613865,13361386593961,FR68133613865,facturation.logistiquelaurentsar@laposte.net,Jean Petit,+33 6 42 81 19 83,Bordeaux,33000,FR,Inactif,2022-08-31,migration_batch_12.xlsx,
B2B-94072-0123,Groupe Mercier SASU,919015816,36899,FR67919015816,facturation.groupemerciersasu@entreprise.fr,Philippe Moreau,+33 1 70 30 78 38,Lyon,69001,FR,Suspendu,2024-02-04,import_crm_2024_Q1.xlsx,Compte créé avant réforme facturation électronique
B2B-82754-0124,Équipements Bernard SA,210099686,21009968698080,FR54210099686,facturation.quipementsbernardsa@laposte.net,Sophie Moreau,+33 4 30 33 38 88,Toulouse,31000,FR,En attente,2024-08-02,migration_batch_12.xlsx,
B2B-48096-0125,SERVICES ROUX SARL,141397557,14139755781201,FR43141397557,facturation.servicesrouxsarl@gmail.com,Sophie Leroy,+33 7 88 94 49 98,Nice,06000,FR,Actif,2024-06-12,manual_onboarding_2023.xlsx,Doublon suspecté
B2B-27603-0126,Logistique Simon & Fils,577754782,,FR70577754782,facturation.logistiquesimonfils@laposte.net,Pierre Giraud,+33 6 19 12 74 90,Rennes,35000,FR,En attente,2025-01-10,partner_feed_b2b.csv,
B2B-57948-0127,Logistique Faure SA,639427885,63942788501388,FR27639427885,facturation.logistiquefauresa@orange.fr,Anne Dupuis,+33 6 67 30 32 82,Lille,59000,FR,Actif,2024-09-25,legacy_erp_export.csv,
B2B-44649-0128,Distribution Martin SARL,530385671,53038567142476,FR65530385671,facturation.distributionmartinsa@gmail.com,Julie Giraud,+33 5 43 84 79 82,Montpellier,34000,FR,Inactif,2023-04-02,migration_batch_12.xlsx,SIRET à vérifier
B2B-56255-0129,Services Roux SARL,577908279,57790827984341,FR05577908279,facturation.servicesrouxsarl@laposte.net,Sophie Robert,+33 7 87 25 94 39,Lille,59000,FR,Suspendu,2024-04-21,import_crm_2024_Q1.xlsx,Client prioritaire - relance facturation
B2B-15655-0130,Services Martin SAS,299228095,29922809523597,FR28299228095,facturation.servicesmartinsas@societe.com,Philippe Bonnet,+33 1 94 46 20 37,Nice,06000,FR,En attente,2023-01-08,migration_batch_12.xlsx,Compte créé avant réforme facturation électronique
B2B-44671-0131,Négoce Roux SARL,133150980,13315098030161,FR65133150980,,Julie Dupuis,+33 7 86 85 18 39,Lyon,69001,FR,En attente,2022-07-17,legacy_erp_export.csv,Email facturation manquant
B2B-90576-0132,Négoce Lambert France,908811726,90881172688940,FR27908811726,facturation.ngocelambertfrance@entreprise.fr,Thomas Moreau,+33 6 99 77 64 39,Paris,75001,FR,Suspendu,2025-03-25,import_crm_2024_Q1.xlsx,SIRET à vérifier
B2B-27548-0133,Groupe Lefebvre SARL,473149868,47314986897471,FR19473149868,facturation @entreprise.fr,Anne Giraud,+33 6 58 93 36 98,Grenoble,38000,FR,Inactif,2025-03-02,manual_onboarding_2023.xlsx,Migration ERP en cours
B2B-99208-0134,Équipements Lambert EURL,636887250,63688725040193,FR91636887250,facturation..dupont@mail.fr,Isabelle Lemaire,+33 6 94 25 39 67,Nice,06000,FR,Suspendu,2022-04-17,legacy_erp_export.csv,SIRET à vérifier
B2B-93345-0135,Groupe Roux SA,012796110,01279611079826,FR10012796110,facturation.grouperouxsa@gmail.com,Julie Moreau,+33 9 88 93 76 46,Lyon,69001,FR,Actif,2024-11-27,manual_onboarding_2023.xlsx,Client prioritaire - relance facturation
B2B-14405-0136,Industrie Dupont SAS,988392057,98839205736167,FR61988392057,facturation.industriedupontsas@entreprise.fr,Isabelle Dupuis,+33 6 76 11 18 21,Lyon,69001,FR,Actif,2023-02-03,partner_feed_b2b.csv,SIRET à vérifier
B2B-85354-0137,équipements mercier sa,042681810,04268181067277,FR10042681810,facturation.quipementsmerciersa@laposte.net,Thomas Bonnet,+33 7 58 82 71 41,Lyon,69001,FR,Actif,2022-05-19,partner_feed_b2b.csv,Client prioritaire - relance facturation
B2B-98724-0138,Industrie Mercier SARL,356588042,35658804288302,FR26356588042,facturation.industriemerciersarl@laposte.net,Marie Giraud,+33 9 50 55 37 83,Strasbourg,67000,FR,Suspendu,2023-05-11,manual_onboarding_2023.xlsx,Client prioritaire - relance facturation
B2B-40042-0139,Distribution Lefebvre SASU,031051833,03105183336500,,facturation.distributionlefebvre@orange.fr,Sophie Bonnet,+33 6 25 20 96 94,Marseille,13001,FR,En attente,2023-07-17,partner_feed_b2b.csv,
B2B-76995-0140,Distribution Lambert SARL,463920864,46392086445519,,facturation.distributionlamberts@entreprise.fr,François Robert,+33 6 99 76 68 50,Lille,59000,FR,Actif,2023-01-19,migration_batch_12.xlsx,Migration ERP en cours
B2B-41082-0141,Industrie Perrin & Fils,479552767,47955276748799,FR00479552767,facturation.industrieperrinfils@laposte.net,Philippe Michel,+33 6 83 97 39 22,Reims,51100,FR,Suspendu,2022-11-03,partner_feed_b2b.csv,
B2B-33148-0142,Maintenance Garnier EURL,997376316,99737631612704,,facturation.societe,Catherine Robert,+33 5 72 48 42 81,Strasbourg,67000,FR,Inactif,2023-11-17,manual_onboarding_2023.xlsx,Doublon suspecté
B2B-57226-0143,Négoce Lefebvre SASU,884506159,88450615985179,FR69884506159,facturation.ngocelefebvresasu@societe.com,Pierre Michel,+33 7 67 20 58 88,Rennes,35000,FR,Suspendu,2025-03-16,partner_feed_b2b.csv,
B2B-20369-0144,  Maintenance Girard EURL  ,253554498,25355449847600,FR79253554498,facturation.maintenancegirardeur@societe.com,Thomas Fournier,+33 6 12 26 40 94,Reims,51100,FR,En attente,2022-04-21,import_crm_2024_Q1.xlsx,SIRET à vérifier
B2B-78679-0145,Industrie Roux & Fils,114921648,11492164858085,FR87114921648,facturation.industrierouxfils@orange.fr,Pierre Giraud,+33 1 14 94 55 51,Nice,06000,FR,Suspendu,2025-01-09,legacy_erp_export.csv,Email facturation manquant
B2B-92712-0146,  Industrie Bernard EURL  ,968845784,96884578447943,,facturation.industriebernardeurl@entreprise.fr,Nicolas Robert,+33 6 76 27 54 46,Nice,06000,FR,Actif,2023-04-19,import_crm_2024_Q1.xlsx,Compte créé avant réforme facturation électronique
B2B-58974-0147,Maintenance Roux SA,368663269,36866326955343,FR87368663269,facturation.maintenancerouxsa@orange.fr,Thomas Bonnet,+33 5 46 93 78 44,Lyon,69001,FR,Actif,2024-10-04,legacy_erp_export.csv,Doublon suspecté
B2B-12542-0148,  Services Marchand & Fils  ,208021442,20802144230514,FR94208021442,facturation.servicesmarchandfils@gmail.com,Pierre Durand,+33 7 63 49 73 57,Paris,75001,FR,Actif,2025-01-17,partner_feed_b2b.csv,
B2B-35191-0149,Transports Lefebvre EURL,460136735,46013673512315,FR16460136735,facturation.transportslefebvreeu@societe.com,François Richard,+33 7 51 30 90 15,Grenoble,38000,FR,Actif,2023-03-23,import_crm_2024_Q1.xlsx,Client prioritaire - relance facturation
B2B-92956-0150,Industrie Dupont SARL,650249165,65024916590538,FR04650249165,facturation.industriedupontsarl@entreprise.fr,Julie Bonnet,+33 6 41 30 73 21,Rennes,35000,FR,Actif,2025-01-03,import_crm_2024_Q1.xlsx,
B2B-73942-0151,Solutions Laurent SA,358573063,35857306305175,FR65358573063,facturation.solutionslaurentsa@entreprise.fr,Julie Fournier,+33 7 34 82 33 79,Saint-Étienne,42000,FR,Actif,2024-12-23,legacy_erp_export.csv,Email facturation manquant
B2B-48754-0152,transports garnier france,485708623,48570862331298,FR29485708623,facturation.transportsgarnierfra@laposte.net,Julie Petit,+33 9 34 77 97 73,Rennes,35000,FR,Actif,2022-09-23,legacy_erp_export.csv,
B2B-36486-0153,Équipements Girard SARL,173109675,17310967528930,,facturation.quipementsgirardsarl@societe.com,Julie Petit,+33 6 93 72 20 69,Nantes,44000,FR,Suspendu,2022-04-30,migration_batch_12.xlsx,Migration ERP en cours
B2B-79339-0154,Industrie Lambert EURL,014138113,01413811325312,FR34014138113,facturation.industrielamberteurl@societe.com,François Richard,+33 6 81 81 63 23,Toulouse,31000,FR,Actif,2025-01-31,partner_feed_b2b.csv,Compte créé avant réforme facturation électronique
B2B-54238-0155,Industrie Lambert EURL,701065130,70106513025112,FR80701065130,facturation.industrielamberteurl@orange.fr,Thomas Bonnet,+33 7 50 80 51 57,Marseille,13001,FR,Actif,2024-07-15,partner_feed_b2b.csv,SIRET à vérifier
B2B-10025-0156,Groupe Roux SAS,049082400,04908240041275,FR48049082400,facturation.grouperouxsas@gmail.com,Julie Michel,+33 4 22 14 68 55,Le Havre,76600,FR,En attente,2024-03-29,migration_batch_12.xlsx,Client prioritaire - relance facturation
B2B-39716-0157,Transports Lambert France,624731780,62473178012833,FR55624731780,facturation@,Catherine Robert,+33 6 86 92 48 14,Paris,75001,FR,Suspendu,2022-01-24,partner_feed_b2b.csv,
B2B-49948-0158,Industrie Laurent SARL,805892584,95889,FR03805892584,facturation.industrielaurentsarl@entreprise.fr,Catherine Bonnet,+33 6 38 65 47 60,Montpellier,34000,FR,Inactif,2024-10-24,partner_feed_b2b.csv,
B2B-27677-0159,Négoce Dubois SAS,783769388,78376938809390,FR46783769388,facturation.ngoceduboissas@laposte.net,Philippe Leroy,+33 1 24 95 62 64,Toulouse,31000,FR,Actif,2024-06-24,migration_batch_12.xlsx,
B2B-67732-0160,Industrie Laurent France,033521109,03352110937707,FR44033521109,facturation.industrielaurentfran@gmail.com,Isabelle Lemaire,+33 5 67 70 12 52,Le Havre,76600,FR,Suspendu,2022-10-17,import_crm_2024_Q1.xlsx,SIRET à vérifier
B2B-86415-0161,Groupe Martin EURL,804204394,80420439401092,FR94804204394,facturation.groupemartineurl@gmail.com,Philippe Dupuis,+33 7 23 12 47 93,Montpellier,34000,FR,En attente,2024-12-24,import_crm_2024_Q1.xlsx,
B2B-36066-0162,Solutions Renault EURL,878003845,87800384520578,FR21878003845,facturation.solutionsrenaulteurl@gmail.com,Isabelle Dupuis,,Grenoble,38000,FR,Actif,2023-04-07,legacy_erp_export.csv,Doublon suspecté
B2B-61491-0163,Négoce Laurent EURL,216893636,21689363679346,FR70216893636,facturation.ngocelaurenteurl@laposte.net,Catherine Giraud,+33 6 84 79 97 35,Nice,06000,FR,Actif,2025-03-02,legacy_erp_export.csv,Doublon suspecté
B2B-18888-0164,  Maintenance Perrin SA  ,881252053,88125205397728,FR25881252053,facturation.maintenanceperrinsa@laposte.net,Pierre Richard,,Bordeaux,33000,FR,Actif,2024-10-25,migration_batch_12.xlsx,Email facturation manquant
B2B-95140-0165,Industrie Martin EURL,526772233,52677223301967,FR83526772233,facturation.industriemartineurl@laposte.net,Philippe Richard,+33 4 36 18 32 66,Reims,51100,FR,Actif,2024-02-19,manual_onboarding_2023.xlsx,SIRET à vérifier
B2B-90151-0166,Distribution Martin SAS,998808170,99880817070499,FR44998808170,facturation.distributionmartinsa@entreprise.fr,Julie Durand,+33 6 34 47 66 60,Lille,59000,FR,Suspendu,2024-11-24,legacy_erp_export.csv,Email facturation manquant
B2B-94685-0167,Maintenance Perrin SA,718129824,71812982403265,FR84718129824,facturation.maintenanceperrinsa@orange.fr,Catherine Bonnet,+33 4 68 21 42 51,Bordeaux,33000,FR,Inactif,2024-01-14,import_crm_2024_Q1.xlsx,Compte créé avant réforme facturation électronique
B2B-60343-0168,Solutions Laurent SAS,892686029,89268602918,FR37892686029,,Julie Durand,,Le Havre,76600,FR,Inactif,2025-01-18,import_crm_2024_Q1.xlsx,Email facturation manquant
B2B-41179-0169,Négoce Dupont SAS,397767192,39776719271741,,facturation.ngocedupontsas@laposte.net,Anne Dupuis,+33 6 16 33 28 17,Saint-Étienne,42000,FR,Actif,2022-04-11,import_crm_2024_Q1.xlsx,SIRET à vérifier
B2B-45968-0170,Services Faure SARL,132677361,1326773610768,FR64132677361,facturation.servicesfauresarl@orange.fr,François Michel,+33 4 68 84 56 14,Strasbourg,67000,FR,Actif,2024-12-15,partner_feed_b2b.csv,Compte créé avant réforme facturation électronique
B2B-37504-0171,Négoce Mercier EURL,390198178,39019817841482,FR01390198178,facturation.ngocemerciereurl@laposte.net,Thomas Bonnet,+33 5 26 88 82 73,Rennes,35000,FR,Actif,2022-01-04,import_crm_2024_Q1.xlsx,
B2B-70933-0172,Équipements Lefebvre SARL,139660551,13966055126370,FR59139660551,facturation.quipementslefebvresa@laposte.net,,+33 7 10 24 97 52,Montpellier,34000,FR,Actif,2024-09-08,partner_feed_b2b.csv,
B2B-94626-0173,Transports Dubois SA,272785765,27278576595022,FR26272785765,facturation.transportsduboissa@laposte.net,Thomas Giraud,+33 7 55 18 29 45,Rennes,35000,FR,Actif,2022-08-28,manual_onboarding_2023.xlsx,Doublon suspecté
B2B-14145-0174,Industrie Dubois SA,461735747,46173574714710,FR14461735747,facturation.industrieduboissa@laposte.net,Jean Richard,+33 9 74 13 71 74,Marseille,13001,FR,Actif,2024-11-23,legacy_erp_export.csv,Client prioritaire - relance facturation
B2B-14791-0175,Logistique Blanc EURL,768104098,76810409806047,FR94768104098,facturation.logistiqueblanceurl@gmail.com,Thomas Dupuis,+33 1 83 49 91 36,Saint-Étienne,42000,FR,Actif,2022-11-19,manual_onboarding_2023.xlsx,
B2B-11999-0176,Solutions Girard SAS,988138582,,FR19988138582,,Sophie Robert,+33 7 79 66 16 26,Grenoble,38000,FR,Suspendu,2025-04-28,partner_feed_b2b.csv,Doublon suspecté
B2B-50952-0177,Distribution Moreau EURL,538179219,53817921989715,FR23538179219,facturation.distributionmoreaueu@entreprise.fr,Catherine Richard,+33 4 88 43 56 60,Nice,06000,FR,Actif,2024-08-31,import_crm_2024_Q1.xlsx,Doublon suspecté
B2B-72737-0178,Logistique Faure France,724599280,72459928014022,FR13724599280,facturation.logistiquefaurefranc@laposte.net,Thomas Dupuis,+33 7 78 69 61 85,Grenoble,38000,FR,Suspendu,2025-04-25,partner_feed_b2b.csv,SIRET à vérifier
B2B-84345-0179,Négoce Marchand SA,583219716,58321971612799,FR29583219716,facturation.ngocemarchandsa@entreprise.fr,Pierre Michel,+33 1 86 23 97 86,Lille,59000,FR,En attente,2022-01-01,legacy_erp_export.csv,
B2B-69372-0180,Solutions Mercier SASU,846997332,84699733289071,FR87846997332,facturation.solutionsmerciersasu@laposte.net,Philippe Lemaire,+33 5 21 84 11 88,Reims,51100,FR,Actif,2022-01-02,migration_batch_12.xlsx,Doublon suspecté
B2B-24378-0181,Maintenance Faure EURL,403696568,40369656827684,FR96403696568,facturation.maintenancefaureeurl@orange.fr,Catherine Robert,,Lille,59000,FR,Inactif,2024-06-13,legacy_erp_export.csv,
B2B-27985-0182,Maintenance Lambert France,679692781,67969278150425,FR33679692781,facturation.maintenancelambertfr@laposte.net,,,Bordeaux,33000,FR,Actif,2022-08-20,migration_batch_12.xlsx,Email facturation manquant
B2B-20494-0183,Logistique Roux EURL,284781899,28478189997214,FR70284781899,facturation.logistiquerouxeurl@gmail.com,François Dupuis,+33 7 88 16 53 78,Montpellier,34000,FR,Actif,2023-08-16,legacy_erp_export.csv,
B2B-88333-0184,Transports Mercier France,494079298,49407929881830,FR15494079298,,Nicolas Fournier,+33 6 45 42 26 88,Grenoble,38000,FR,Actif,2024-07-03,manual_onboarding_2023.xlsx,
B2B-44242-0185,Négoce Laurent France,372805126,37280512698665,FR55372805126,facturation.ngocelaurentfrance@entreprise.fr,Philippe Richard,+33 4 36 83 54 16,Bordeaux,33000,FR,Suspendu,2024-12-26,legacy_erp_export.csv,SIRET à vérifier
B2B-99589-0186,Distribution Faure & Fils,674286043,67428604369501,FR62674286043,facturation.distributionfaurefil@gmail.com,Marie Giraud,+33 9 88 93 44 52,Nantes,44000,FR,Actif,2025-04-20,legacy_erp_export.csv,Compte créé avant réforme facturation électronique
B2B-54224-0187,iNDUSTRiE MARTIN sASU,474687230,47468723038890,FR46474687230,facturation.industriemartinsasu@orange.fr,Isabelle Giraud,+33 6 18 11 62 22,Grenoble,38000,FR,Actif,2023-06-12,legacy_erp_export.csv,
B2B-46344-0188,Distribution Bernard EURL,066504422,06650442226302,FR8906650,facturation.distributionbernarde@societe.com,Philippe Robert,+33 1 28 79 65 37,Saint-Étienne,42000,FR,Actif,2024-07-02,import_crm_2024_Q1.xlsx,Email facturation manquant
B2B-29510-0189,Transports Dubois & Fils,006425692,00642569264314,FR84006425692,facturation.transportsduboisfils@entreprise.fr,Philippe Moreau,+33 1 79 38 10 59,Reims,51100,FR,Suspendu,2023-09-13,partner_feed_b2b.csv,
B2B-92873-0190,Services Lambert SARL,158517431,15851743186603,FR08158517431,facturation.serviceslambertsarl@orange.fr,Nicolas Lemaire,+33 6 90 98 55 72,Strasbourg,67000,FR,Inactif,2024-03-07,import_crm_2024_Q1.xlsx,Compte créé avant réforme facturation électronique
B2B-94332-0191,Solutions Martin EURL,478700500,47870050027745,FR22478700500,,Catherine Dupuis,+33 4 84 39 19 14,Lyon,69001,FR,Suspendu,2022-09-25,import_crm_2024_Q1.xlsx,
B2B-92924-0192,Logistique Moreau EURL,041792916,04179291680691,FR52041792916,facturation.logistiquemoreaueurl@orange.fr,Marie Richard,,Rennes,35000,FR,Actif,2022-09-05,manual_onboarding_2023.xlsx,
B2B-64415-0193,Services Moreau France,258273905,25827390582863,FR83258273905,facturation.servicesmoreaufrance@societe.com,Philippe Robert,+33 7 20 10 10 32,Le Havre,76600,FR,Inactif,2022-09-17,legacy_erp_export.csv,
B2B-93863-0194,Négoce Simon & Fils,487632906,48763290680222,FR20487632906,facturation.ngocesimonfils@gmail.com,François Michel,+33 6 81 40 34 25,Bordeaux,33000,FR,Inactif,2023-03-03,manual_onboarding_2023.xlsx,
B2B-35391-0195,Solutions Mercier SAS,127722008,12772200832949,FRXX127722008,facturation.solutionsmerciersas@laposte.net,Anne Fournier,+33 6 78 32 30 13,Strasbourg,67000,FR,Suspendu,2023-10-30,legacy_erp_export.csv,
B2B-52746-0196,DISTRIBUTION RENAULT SARL,313636312,31363631257129,FR24313636312,facturation.distributionrenaults@orange.fr,Sophie Bonnet,+33 7 57 27 68 34,Saint-Étienne,42000,FR,Actif,2024-08-11,partner_feed_b2b.csv,SIRET à vérifier
B2B-32439-0197,Équipements Roux SARL,534929293,53492929368389,FR06534929293,facturation.quipementsrouxsarl@entreprise.fr,Sophie Bonnet,+33 7 45 11 64 41,Strasbourg,67000,FR,Actif,2024-05-05,import_crm_2024_Q1.xlsx,
B2B-71689-0198,Distribution Roux SARL,806867173,80686717398707,FR9380686,facturation.distributionrouxsarl@gmail.com,Julie Lemaire,+33 6 26 55 47 40,Lille,59000,FR,En attente,2022-02-19,partner_feed_b2b.csv,Email facturation manquant
B2B-28169-0199,Équipements Martin SA,625701658,62570165898682,,facturation.quipementsmartinsa@laposte.net,Julie Bonnet,+33 6 97 20 89 52,Strasbourg,67000,FR,Actif,2024-08-11,migration_batch_12.xlsx,
B2B-57916-0200,Industrie Lambert SARL,528183250,52818325062717,FR54528183250,@domaine.fr,Julie Richard,+33 4 51 55 44 74,Montpellier,34000,FR,Inactif,2024-12-25,migration_batch_12.xlsx,Migration ERP en cours
B2B-69241-0201,Services Mercier SARL,951371167,95137116721596,FR63951371167,facturation.servicesmerciersarl@laposte.net,Marie Lemaire,+33 6 36 76 90 12,Lyon,69001,FR,Suspendu,2022-02-13,manual_onboarding_2023.xlsx,Client prioritaire - relance facturation
B2B-18250-0202,Distribution Dubois France,038569557,03856955758360,FR02038569557,facturation.distributionduboisfr@entreprise.fr,Nicolas Bonnet,+33 7 31 43 39 71,Lille,59000,FR,En attente,2022-11-26,migration_batch_12.xlsx,Migration ERP en cours
B2B-33891-0203,Services Marchand SA,222310595,22231059524182,FR52222310595,facturation.servicesmarchandsa@orange.fr,Thomas Lemaire,+33 7 54 28 57 67,Nantes,44000,FR,Actif,2024-07-27,manual_onboarding_2023.xlsx,
B2B-10562-0204,Négoce Marchand SA,885474920,88547492014721,FR38885474920,facturation@,Jean Robert,+33 1 49 13 61 89,Grenoble,38000,FR,Actif,2023-02-05,import_crm_2024_Q1.xlsx,
B2B-80570-0205,Négoce Dubois SARL,718637598,71863759887394,FR21718637598,facturation.ngoceduboissarl@laposte.net,Philippe Robert,+33 9 57 59 57 11,Saint-Étienne,42000,FR,Inactif,2024-05-01,partner_feed_b2b.csv,Migration ERP en cours
B2B-31468-0206,Groupe Renault France,662991231,66299123143963,FR54662991231,facturation.grouperenaultfrance@gmail.com,Anne Moreau,+33 7 91 44 63 32,Lille,59000,FR,En attente,2024-10-01,import_crm_2024_Q1.xlsx,Migration ERP en cours
B2B-86704-0207,Groupe Mercier & Fils,478730023,47873002383435,,facturation.groupemercierfils@entreprise.fr,Marie Dupuis,+33 5 63 32 72 98,Le Havre,76600,FR,Actif,2025-04-05,partner_feed_b2b.csv,SIRET à vérifier
B2B-43804-0208,Négoce Martin SAS,715890426,71589042660429,FR13715890426,facturation.ngocemartinsas@orange.fr,Isabelle Robert,+33 7 63 91 55 16,Nantes,44000,FR,Actif,2022-12-09,migration_batch_12.xlsx,Doublon suspecté
B2B-51446-0209,Transports Laurent SASU,445189527,44518952748891,FR37445189527,facturation.transportslaurentsas@entreprise.fr,Philippe Leroy,+33 4 23 37 29 74,Nice,06000,FR,En attente,2025-02-02,import_crm_2024_Q1.xlsx,SIRET à vérifier
B2B-70357-0210,Services Marchand SASU,112075450,11207545044832,FR15112075450,facturation.servicesmarchandsasu@orange.fr,Julie Michel,+33 6 38 26 98 28,Lille,59000,FR,Actif,2022-06-09,import_crm_2024_Q1.xlsx,Email facturation manquant
B2B-66524-0211,Logistique Girard SARL,031089072,03108907239537,fr79031089072,facturation.logistiquegirardsarl@gmail.com,Marie Petit,+33 4 85 35 33 95,Lyon,69001,FR,En attente,2023-05-11,migration_batch_12.xlsx,
B2B-56507-0212,Services Martin SASU,805009780,80500978069615,FRXX805009780,facturation.servicesmartinsasu@societe.com,Jean Giraud,+33 6 46 31 78 10,Lyon,69001,FR,Inactif,2024-05-18,legacy_erp_export.csv,Compte créé avant réforme facturation électronique
B2B-39825-0213,Distribution Garnier & Fils,615171829,61517182973024,FR95615171829,facturation.distributiongarnierf@gmail.com,Marie Leroy,+33 7 46 68 86 49,Nice,06000,FR,Actif,2024-09-01,manual_onboarding_2023.xlsx,
B2B-11675-0214,Maintenance Faure & Fils,716781122,71678112213332,FR42716781122,facturation.maintenancefaurefils@orange.fr,Marie Leroy,+33 5 35 86 61 25,Rennes,35000,FR,Suspendu,2024-03-30,manual_onboarding_2023.xlsx,Email facturation manquant
B2B-97382-0215,LOgIstiQUE gIrard EUrL,967842716,96784271630254,FR00967842716,facturation.logistiquegirardeurl@orange.fr,Jean Petit,+33 1 73 96 13 32,Bordeaux,33000,FR,Inactif,2024-06-01,legacy_erp_export.csv,Migration ERP en cours
B2B-60997-0216,Distribution Lambert France,719788977,71978897766412,,,Philippe Michel,+33 7 88 96 55 46,Marseille,13001,FR,Actif,2023-11-30,partner_feed_b2b.csv,
B2B-66118-0217,Négoce Martin SASU,219136192,21913619232271,FR12219136192,@domaine.fr,Isabelle Moreau,+33 6 41 40 92 49,Lyon,69001,FR,En attente,2024-05-12,manual_onboarding_2023.xlsx,
B2B-71564-0218,Logistique Renault SARL,905696599,90569659988488,FR14905696599,facturation.logistiquerenaultsar@orange.fr,Isabelle Fournier,+33 7 31 88 48 56,Grenoble,38000,FR,Actif,2023-08-12,manual_onboarding_2023.xlsx,
B2B-48970-0219,Solutions Girard SARL,963919198,96391919869607,FR08963919198,facturation.solutionsgirardsarl@entreprise.fr,Philippe Richard,+33 6 93 48 74 48,Rennes,35000,FR,En attente,2023-01-05,import_crm_2024_Q1.xlsx,Compte créé avant réforme facturation électronique
B2B-34450-0220,Groupe Faure SAS,699854355,69985435531285,FR17699854355,facture.groupefauresas@societe.com,Catherine Richard,+33 9 44 91 78 88,Montpellier,34000,FR,Actif,2024-06-10,partner_feed_b2b.csv,Doublon suspecté
B2B-18444-0221,Maintenance Roux SARL,364424936,36442493625154,FR42364424936,facturation.maintenancerouxsarl@gmail.com,Sophie Michel,+33 7 64 92 14 35,Marseille,13001,FR,Actif,2024-09-22,import_crm_2024_Q1.xlsx,
B2B-21000-0222,Services Roux SARL,594165165,5941651659626,FR33594165165,facturation.servicesrouxsarl@societe.com,Marie Giraud,+33 5 73 21 40 86,Rennes,35000,FR,Inactif,2023-03-23,legacy_erp_export.csv,
B2B-32957-0223,Équipements Garnier & Fils,347649075,34764907541482,,facturation.quipementsgarnierfil@societe.com,Philippe Fournier,+33 5 28 56 70 57,Lyon,69001,FR,Actif,2023-05-06,manual_onboarding_2023.xlsx,Compte créé avant réforme facturation électronique
B2B-60422-0224,Maintenance Girard SA,451837601,45183760199177,,facturation.maintenancegirardsa@orange.fr,Nicolas Richard,+33 4 66 90 50 92,Lyon,69001,FR,Inactif,2023-11-13,partner_feed_b2b.csv,
B2B-42716-0225,Logistique Lambert SAS,475107998,47510799813104,FR89475107998,facturation.logistiquelambertsas@laposte.net,Thomas Petit,,Lille,59000,FR,En attente,2022-09-24,migration_batch_12.xlsx,SIRET à vérifier
B2B-51864-0226,Équipements Mercier SASU,425135427,42513542757433,FR47425135427,facturation.quipementsmerciersas@entreprise.fr,Catherine Lemaire,+33 6 97 85 51 46,Reims,51100,FR,Suspendu,2023-04-14,import_crm_2024_Q1.xlsx,Email facturation manquant
B2B-35987-0227,Services Bernard SA,420696946,42069694674349,FR85420696946,facturation.servicesbernardsa@gmail.com,Jean Lemaire,+33 7 96 73 25 38,Marseille,13001,FR,Actif,2024-06-02,legacy_erp_export.csv,Client prioritaire - relance facturation
B2B-47089-0228,Industrie  Marchand  SAS,362620442,36262044276402,FR33362620442,facturation.industriemarchandsas@entreprise.fr,Marie Durand,+33 7 98 60 97 37,Nantes,44000,FR,Actif,2024-08-22,manual_onboarding_2023.xlsx,
B2B-10702-0229,Équipements Martin SASU,489646522,48964652234116,FR96489646522,facturation.quipementsmartinsasu@orange.fr,Thomas Fournier,+33 9 26 21 50 77,Marseille,13001,FR,Actif,2024-01-09,partner_feed_b2b.csv,Migration ERP en cours
B2B-44500-0230,Équipements Laurent SA,808412419,80841241914029,FR07808412419,facture.quipementslaurentsa@societe.com,Nicolas Giraud,+33 6 50 72 29 81,Nice,06000,FR,Actif,2024-10-10,import_crm_2024_Q1.xlsx,Email facturation manquant
B2B-56729-0231,Logistique Lefebvre France,877712153,87771215323678,FR79877712153,facturation.logistiquelefebvrefr@orange.fr,Julie Giraud,+33 4 84 10 77 83,Nice,06000,FR,Actif,2022-09-07,partner_feed_b2b.csv,Doublon suspecté
B2B-87376-0232,Groupe Dupont SA,152017778,15201777886005,,facturation..dupont@mail.fr,Catherine Leroy,+33 4 37 16 92 46,Paris,75001,FR,Inactif,2022-07-02,import_crm_2024_Q1.xlsx,Client prioritaire - relance facturation
B2B-31356-0233,Groupe Laurent SA,664214764,66421476412597,FR76664214764,facturation.groupelaurentsa@laposte.net,Thomas Richard,+33 7 70 44 82 86,Montpellier,34000,FR,Actif,2024-11-17,manual_onboarding_2023.xlsx,Email facturation manquant
B2B-98662-0234,Maintenance Bernard France,327881476,,FR327881476,facturation.maintenancebernardfr@orange.fr,Pierre Dupuis,+33 4 76 64 47 82,Bordeaux,33000,FR,Suspendu,2025-03-10,manual_onboarding_2023.xlsx,Doublon suspecté
B2B-43405-0235,  Maintenance Martin SARL  ,918017228,91801722892324,INVALID,facturation.maintenancemartinsar@laposte.net,Isabelle Bonnet,+33 9 89 43 53 33,Strasbourg,67000,FR,Actif,2022-01-28,legacy_erp_export.csv,Email facturation manquant
B2B-70314-0236,  Groupe Bernard SAS  ,697499564,01818,FR57697499564,facturation.groupebernardsas@orange.fr,Marie Durand,+33 4 13 36 71 93,Marseille,13001,FR,Actif,2024-08-28,partner_feed_b2b.csv,
B2B-25264-0237,Logistique Perrin France,935348749,93534874906658,FR92935348749,facturation.logistiqueperrinfran@orange.fr,Pierre Lemaire,+33 9 70 12 67 84,Nice,06000,FR,Inactif,2024-05-01,partner_feed_b2b.csv,Compte créé avant réforme facturation électronique
B2B-48112-0238,Industrie Martin SASU,076789971,07678997155312,FR66076789971,facturation.industriemartinsasu@societe.com,,+33 7 70 24 73 89,Paris,75001,FR,Actif,2024-06-16,legacy_erp_export.csv,Compte créé avant réforme facturation électronique
B2B-38796-0239,Solutions Renault France,959724663,95972466321237,FR19959724663,facturation @entreprise.fr,Sophie Michel,+33 1 95 71 26 32,Le Havre,76600,FR,En attente,2022-04-07,import_crm_2024_Q1.xlsx,Doublon suspecté
B2B-44184-0240,Logistique Roux SARL,522801567,52280156729372,FR73522801567,facturation@,Nicolas Leroy,+33 1 81 44 29 98,Lille,59000,FR,Actif,2022-08-05,migration_batch_12.xlsx,
B2B-83724-0241,Maintenance Lambert SARL,005242784,00524278492493,FR08005242784,facturation.maintenancelambertsa@gmail.com,Thomas Petit,+33 6 36 56 30 47,Lyon,69001,FR,Actif,2023-02-18,partner_feed_b2b.csv,SIRET à vérifier
B2B-10863-0242,Solutions Perrin SA,375482147,37548214787162,FR03375482147,facturation.solutionsperrinsa@orange.fr,Pierre Giraud,+33 6 27 64 62 62,Montpellier,34000,FR,Actif,2024-11-25,import_crm_2024_Q1.xlsx,
B2B-54342-0243,Négoce Martin & Fils,562606025,56260602586554,FR45562606025,facturation.ngocemartinfils@societe.com,Nicolas Moreau,+33 7 50 54 11 45,Grenoble,38000,FR,En attente,2024-06-24,manual_onboarding_2023.xlsx,SIRET à vérifier
B2B-35859-0244,Équipements Mercier SAS,410856284,41085628467065,FR49410856284,facturation.quipementsmerciersas@societe.com,Nicolas Giraud,+33 6 12 13 79 85,Lyon,69001,FR,Actif,2023-06-16,migration_batch_12.xlsx,Doublon suspecté
B2B-26228-0245,Industrie Lambert France,017490751,01749075130649,FR18017490751,facturation.industrielambertfran@laposte.net,Nicolas Michel,+33 4 58 76 41 23,Rennes,35000,FR,Inactif,2022-06-17,import_crm_2024_Q1.xlsx,
B2B-65690-0246,Négoce Lambert SASU,273715866,51744,fr27273715866,facturation.ngocelambertsasu@laposte.net,Anne Fournier,+33 9 98 72 63 30,Reims,51100,FR,Suspendu,2023-03-12,partner_feed_b2b.csv,Email facturation manquant
B2B-14273-0247,Solutions Mercier SARL,285196118,20093,FR60285196118,,Isabelle Michel,+33 5 47 72 13 28,Lille,59000,FR,Suspendu,2024-09-28,import_crm_2024_Q1.xlsx,
B2B-81766-0248,Distribution Blanc France,510679491,51067949162289,FR18510679491,facturation.distributionblancfra@societe.com,Pierre Robert,+33 7 67 95 67 29,Strasbourg,67000,FR,Inactif,2023-11-26,migration_batch_12.xlsx,
B2B-97876-0249,Logistique Lambert SARL,741209482,74120948281094,FR70741209482,facturation.logistiquelambertsar@societe.com,Anne Durand,+33 4 70 74 12 25,Toulouse,31000,FR,En attente,2024-06-28,import_crm_2024_Q1.xlsx,Compte créé avant réforme facturation électronique
B2B-89541-0250,Services  Perrin  SARL,569070562,56907056269193,FR58569070562,facturation.servicesperrinsarl@laposte.net,Philippe Michel,+33 6 79 31 46 28,Le Havre,76600,FR,Actif,2022-02-25,import_crm_2024_Q1.xlsx,Migration ERP en cours
B2B-61110-0251,Transports Lefebvre SAS,152654614,15265461478250,FR82152654614,facturation.transportslefebvresa@societe.com,Sophie Fournier,+33 7 24 44 17 50,Reims,51100,FR,Actif,2025-02-08,migration_batch_12.xlsx,
B2B-42285-0252,Industrie Laurent SA,824967184,82496718422044,FR11824967184,,Thomas Moreau,+33 9 15 10 69 89,Lille,59000,FR,Suspendu,2024-02-18,manual_onboarding_2023.xlsx,Client prioritaire - relance facturation
B2B-86697-0253,Logistique Faure & Fils,840289145,84028914518304,FR19840289145,facturation.logistiquefaurefils@societe.com,Nicolas Moreau,+33 7 97 53 91 43,Lyon,69001,FR,En attente,2023-11-04,import_crm_2024_Q1.xlsx,
B2B-94730-0254,  Distribution Faure SASU  ,097002683,09700268385078,FR10097002683,facturation.distributionfauresas@gmail.com,Thomas Durand,+33 9 96 25 55 58,Lyon,69001,FR,Actif,2023-01-31,partner_feed_b2b.csv,
B2B-39035-0255,Industrie Renault SA,045319430,04531943036799,FR95045319430,facturation.industrierenaultsa@entreprise.fr,Julie Lemaire,+33 1 35 91 60 24,Paris,75001,FR,Suspendu,2025-03-03,legacy_erp_export.csv,
B2B-87091-0256,Industrie Dupont & Fils,212493844,21249384469853,,facturation.industriedupontfils@societe.com,Nicolas Dupuis,+33 7 10 64 92 96,Montpellier,34000,FR,Suspendu,2024-11-27,partner_feed_b2b.csv,Email facturation manquant
B2B-57378-0257,Solutions Dupont EURL,803046879,80304687943870,FR52803046879,facturation@.fr,Anne Durand,+33 4 98 64 19 41,Toulouse,31000,FR,En attente,2023-11-16,manual_onboarding_2023.xlsx,Client prioritaire - relance facturation
B2B-24134-0258,Négoce Marchand France,735058315,,FR4373505,,Anne Petit,+33 6 14 58 50 98,Lyon,69001,FR,Actif,2025-02-19,import_crm_2024_Q1.xlsx,Migration ERP en cours
B2B-59998-0259,Services Martin SA,128059820,12805982056333,FR11128059820,facturation.servicesmartinsa@entreprise.fr,Marie Bonnet,+33 4 86 94 89 11,Nantes,44000,FR,Actif,2024-07-18,migration_batch_12.xlsx,Doublon suspecté
B2B-87045-0260,Négoce Laurent & Fils,311091939,,FR29311091939,facturation.ngocelaurentfils@laposte.net,Philippe Fournier,+33 9 33 41 27 15,Lille,59000,FR,En attente,2022-10-26,legacy_erp_export.csv,Email facturation manquant
B2B-50458-0261,Transports Roux SASU,954508924,95450892473328,FR66954508924,facturation.transportsrouxsasu@gmail.com,Philippe Leroy,+33 6 91 35 18 53,Le Havre,76600,FR,En attente,2023-11-19,migration_batch_12.xlsx,Migration ERP en cours
B2B-64879-0262,Industrie Roux EURL,521707305,52170730527936,,,Catherine Lemaire,+33 5 58 36 61 33,Rennes,35000,FR,Inactif,2023-02-03,migration_batch_12.xlsx,Doublon suspecté
B2B-15754-0263,Solutions Lambert SAS,033423420,03342342025688,FRXX033423420,facturation.solutionslambertsas@gmail.com,Pierre Michel,+33 1 96 27 58 93,Marseille,13001,FR,En attente,2024-06-07,import_crm_2024_Q1.xlsx,
B2B-28931-0264,Maintenance Roux SARL,233865591,23386559180744,FR53233865591,facturation.maintenancerouxsarl@societe.com,Sophie Giraud,+33 6 51 41 16 90,Reims,51100,FR,Actif,2024-08-21,migration_batch_12.xlsx,
B2B-31945-0265,Solutions Garnier SASU,868578725,86857872563346,FR64868578725,facturation.solutionsgarniersasu@entreprise.fr,Catherine Michel,+33 6 36 38 35 67,Grenoble,38000,FR,Actif,2023-06-06,migration_batch_12.xlsx,
B2B-27606-0266,Distribution Dubois SASU,147853908,14785390855850,FR39147853908,facturation.distributionduboissa@entreprise.fr,Catherine Moreau,+33 7 50 44 58 13,Nantes,44000,FR,En attente,2025-01-24,import_crm_2024_Q1.xlsx,Migration ERP en cours
B2B-39850-0267,Services Roux France,053315866,05331586681351,FR42053315866,facturation.servicesrouxfrance@gmail.com,Marie Petit,+33 6 52 35 96 52,Marseille,13001,FR,En attente,2023-06-19,import_crm_2024_Q1.xlsx,Migration ERP en cours
B2B-46942-0268,Maintenance Roux SAS,566907825,56690782598190,FR80566907825,facturation.maintenancerouxsas@orange.fr,Catherine Richard,+33 7 69 53 20 50,Grenoble,38000,FR,Actif,2024-02-07,legacy_erp_export.csv,
B2B-50051-0269,Équipements Mercier SA,075536666,07553666603046,FR65075536666,facturation.quipementsmerciersa@societe.com,Jean Robert,+33 7 82 90 87 87,Rennes,35000,FR,Inactif,2022-08-11,manual_onboarding_2023.xlsx,Email facturation manquant
B2B-93755-0270,Distribution Dupont SAS,412182098,,FR06412182098,facturation.distributiondupontsa@entreprise.fr,Nicolas Richard,+33 6 68 17 57 76,Toulouse,31000,FR,Inactif,2024-09-06,import_crm_2024_Q1.xlsx,SIRET à vérifier
B2B-37063-0271,Groupe Lefebvre SASU,234672994,23467299489762,FR75234672994,facturation.groupelefebvresasu@entreprise.fr,Nicolas Richard,+33 6 67 18 61 87,Grenoble,38000,FR,Suspendu,2022-07-06,manual_onboarding_2023.xlsx,Email facturation manquant
B2B-55453-0272,Maintenance Marchand EURL,469263296,46926329686386,FR91469263296,facturation@.fr,Julie Bonnet,+33 6 40 30 45 90,Saint-Étienne,42000,FR,En attente,2022-09-06,manual_onboarding_2023.xlsx,
B2B-23791-0273,Transports Marchand SARL,856724386,85672438683,FR60856724386,facturation.transportsmarchandsa@entreprise.fr,Philippe Leroy,+33 4 60 14 11 42,Lyon,69001,FR,Actif,2024-06-15,legacy_erp_export.csv,Email facturation manquant
B2B-46587-0274,Équipements Faure SAS,220912412,22091241288000,FR74220912412,,François Michel,+33 7 32 37 14 96,Lyon,69001,FR,Suspendu,2022-07-30,partner_feed_b2b.csv,Migration ERP en cours
B2B-68194-0275,Industrie Lefebvre SARL,090063354,09006335455270,,facturation.industrielefebvresar@gmail.com,Jean Leroy,+33 1 38 22 95 31,Paris,75001,FR,En attente,2023-03-01,migration_batch_12.xlsx,SIRET à vérifier
B2B-66083-0276,Maintenance Blanc SARL,133155208,,FR42133155208,facturation.maintenanceblancsarl@entreprise.fr,Sophie Petit,+33 5 93 89 57 15,Strasbourg,67000,FR,En attente,2025-03-11,legacy_erp_export.csv,Migration ERP en cours
B2B-22418-0277,Logistique Blanc SARL,956252570,,FR85956252570,facturation.logistiqueblancsarl@entreprise.fr,Philippe Giraud,+33 4 74 85 11 39,Rennes,35000,FR,Actif,2022-05-03,legacy_erp_export.csv,Doublon suspecté
B2B-75369-0278,Distribution Blanc SAS,432630398,43263039841620,FR69432630398,facturation.distributionblancsas@gmail.com,Thomas Moreau,+33 5 13 39 52 53,Nice,06000,FR,Suspendu,2023-04-01,migration_batch_12.xlsx,SIRET à vérifier
B2B-78350-0279,Logistique Faure France,260256341,26025634120866,FR30260256341,facturation.logistiquefaurefranc@laposte.net,Pierre Fournier,+33 1 72 18 34 16,Paris,75001,FR,Actif,2024-11-05,import_crm_2024_Q1.xlsx,SIRET à vérifier
B2B-71220-0280,Industrie  Faure  SA,733754335,73375433503101,FR16733754335,billing.industriefauresa@laposte.net,Pierre Lemaire,+33 7 32 87 41 48,Nice,06000,FR,En attente,2024-06-06,legacy_erp_export.csv,Email facturation manquant
B2B-12596-0281,Services Girard EURL,661498286,66149828640088,FR00661498286,,Nicolas Moreau,+33 7 19 52 27 70,Bordeaux,33000,FR,Inactif,2024-05-01,partner_feed_b2b.csv,Doublon suspecté
B2B-60336-0282,Négoce Simon SAS,749160160,,FR95749160160,facturation.ngocesimonsas@laposte.net,Julie Leroy,+33 7 91 98 57 99,Reims,51100,FR,Actif,2022-02-27,legacy_erp_export.csv,Migration ERP en cours
B2B-89355-0283,Logistique Bernard & Fils,724399200,72439920050377,FR09724399200,facturation.logistiquebernardfil@entreprise.fr,Julie Bonnet,+33 1 76 34 64 31,Grenoble,38000,FR,Actif,2024-04-22,import_crm_2024_Q1.xlsx,
B2B-93385-0284,Services Renault SARL,952436408,95243640809154,FR24952436408,facturation.servicesrenaultsarl@entreprise.fr,Thomas Moreau,+33 9 31 32 57 33,Lyon,69001,FR,Actif,2023-02-16,import_crm_2024_Q1.xlsx,
B2B-35150-0285,Groupe Simon SASU,145868503,145868503,FR12145868503,compta.groupesimonsasu@laposte.net,Philippe Fournier,+33 1 91 31 20 47,Nice,06000,FR,Actif,2022-07-18,legacy_erp_export.csv,Compte créé avant réforme facturation électronique
B2B-10951-0286,Maintenance Blanc SA,698477595,69847759544967,,facturation.maintenanceblancsa@laposte.net,Sophie Leroy,+33 9 88 17 55 52,Montpellier,34000,FR,Actif,2022-09-09,migration_batch_12.xlsx,Migration ERP en cours
B2B-42576-0287,Solutions Dupont & Fils,579786307,57978630705997,FR38579786307,facturation.solutionsdupontfils@laposte.net,François Fournier,+33 7 61 88 20 54,Nantes,44000,FR,Suspendu,2024-02-28,manual_onboarding_2023.xlsx,Client prioritaire - relance facturation
B2B-28764-0288,Équipements Marchand SAS,898027140,89802714058495,FR37898027140,,Catherine Dupuis,+33 6 37 31 94 99,Saint-Étienne,42000,FR,Actif,2023-03-28,manual_onboarding_2023.xlsx,Email facturation manquant
B2B-97897-0289,Négoce Bernard & Fils,128715390,12871539049415,DE46128715390,facturation.ngocebernardfils@entreprise.fr,François Dupuis,+33 9 39 38 43 24,Nantes,44000,FR,Actif,2022-09-18,manual_onboarding_2023.xlsx,SIRET à vérifier
B2B-85617-0290,Solutions Garnier France,040983668,04098366816555,FR24040983668,facturation.solutionsgarnierfran@societe.com,François Bonnet,+33 6 60 11 78 68,Montpellier,34000,FR,Actif,2022-10-26,import_crm_2024_Q1.xlsx,Doublon suspecté
B2B-50487-0291,Maintenance Martin France,814973748,81497374820014,FR75814973748,facturation.maintenancemartinfra@orange.fr,Julie Richard,+33 1 32 72 60 48,Nantes,44000,FR,Suspendu,2024-08-27,manual_onboarding_2023.xlsx,SIRET à vérifier
B2B-61257-0292,Services Blanc France,184438610,18443861076072,FR03184438610,facturation.servicesblancfrance@gmail.com,Julie Michel,+33 6 83 27 66 99,Reims,51100,FR,Actif,2025-03-24,import_crm_2024_Q1.xlsx,
B2B-59355-0293,Logistique Dubois & Fils,620157202,62015720277777,FR75620157202,facturation.logistiqueduboisfils@entreprise.fr,Pierre Dupuis,+33 4 14 25 40 60,Nantes,44000,FR,Suspendu,2022-07-03,partner_feed_b2b.csv,SIRET à vérifier
B2B-46073-0294,Équipements Roux SARL,750111177,75011117775101,FR85750111177,facturation.quipementsrouxsarl@societe.com,Catherine Michel,+33 1 85 33 59 71,Rennes,35000,FR,En attente,2023-01-14,partner_feed_b2b.csv,
B2B-61615-0295,Logistique Lefebvre & Fils,888718984,88871898415378,FR26888718984,@domaine.fr,Anne Lemaire,,Saint-Étienne,42000,FR,En attente,2023-09-04,manual_onboarding_2023.xlsx,Compte créé avant réforme facturation électronique
B2B-32492-0296,Distribution Laurent SASU,603408483,60340848391108,FR15603408483,facturation.distributionlaurents@laposte.net,Thomas Leroy,+33 4 98 22 94 15,Bordeaux,33000,FR,Actif,2025-04-26,manual_onboarding_2023.xlsx,Migration ERP en cours
B2B-26841-0297,Maintenance Marchand SARL,961844628,96184462888673,FR12961844628,facturation.maintenancemarchands@entreprise.fr,Julie Robert,+33 6 90 44 91 99,Nice,06000,FR,Actif,2023-10-10,partner_feed_b2b.csv,SIRET à vérifier
B2B-13396-0298,Maintenance Bernard SA,931418182,93141818211662,FR02931418182,facturation.maintenancebernardsa@laposte.net,Isabelle Michel,+33 6 45 11 22 58,Montpellier,34000,FR,Actif,2025-04-20,partner_feed_b2b.csv,
B2B-79331-0299,Services Blanc France,594849105,,FR12594849105,facturation.servicesblancfrance@laposte.net,Julie Dupuis,+33 9 71 85 26 43,Strasbourg,67000,FR,Actif,2024-01-29,legacy_erp_export.csv,SIRET à vérifier
B2B-70003-0300,Équipements Roux SA,275784466,27578446611395,DE58275784466,facturation.quipementsrouxsa@laposte.net,Philippe Leroy,+33 1 19 40 21 31,Montpellier,34000,FR,Inactif,2024-11-07,legacy_erp_export.csv,Email facturation manquant
B2B-75248-0301,Maintenance Lambert & Fils,881609302,88160930232011,FR19881609302,facturation.maintenancelambertfi@societe.com,François Bonnet,+33 7 31 96 77 38,Nantes,44000,FR,Actif,2024-02-04,import_crm_2024_Q1.xlsx,Doublon suspecté
B2B-99006-0302,Industrie Dupont & Fils,381447443,38144744374559,FR70381447443,facturation.industriedupontfils@entreprise.fr,Sophie Michel,,Montpellier,34000,FR,Actif,2024-04-03,manual_onboarding_2023.xlsx,
B2B-23282-0303,Logistique Renault SARL,673188268,67318826886066,FR8167318,facturation.logistiquerenaultsar@laposte.net,Sophie Fournier,+33 7 56 64 33 78,Marseille,13001,FR,Actif,2024-01-06,legacy_erp_export.csv,
B2B-34846-0304,INDUSTRIE RENAULT & FILS,402665022,15570,FR49402665022,facturation.industrierenaultfils@entreprise.fr,Catherine Giraud,+33 6 51 61 74 59,Nice,06000,FR,Actif,2023-12-02,partner_feed_b2b.csv,
B2B-66928-0305,Services Dubois SAS,744716393,74471639336849,FR86744716393,facturation.servicesduboissas@gmail.com,Nicolas Lemaire,+33 7 35 70 23 99,Toulouse,31000,FR,Actif,2022-09-28,partner_feed_b2b.csv,
B2B-45895-0306,  Logistique Faure SASU  ,019655696,01965569667033,FR24019655696,facturation.logistiquefauresasu@orange.fr,Pierre Moreau,+33 6 21 16 58 62,Toulouse,31000,FR,Actif,2022-08-14,manual_onboarding_2023.xlsx,Doublon suspecté
B2B-46773-0307,Transports Blanc SAS,563502000,563502000,FR03563502000,facturation.transportsblancsas@laposte.net,Anne Petit,+33 7 72 56 52 48,Nice,06000,FR,Suspendu,2025-04-21,migration_batch_12.xlsx,Doublon suspecté
B2B-41228-0308,Logistique Martin SASU,439611298,43961129885767,FR81439611298,facturation.logistiquemartinsasu@orange.fr,Sophie Lemaire,+33 6 19 79 89 53,Saint-Étienne,42000,FR,Inactif,2025-02-01,manual_onboarding_2023.xlsx,Compte créé avant réforme facturation électronique
B2B-55526-0309,Équipements Dupont SAS,571617684,57161768435933,FR55571617684,facturation.quipementsdupontsas@orange.fr,Nicolas Durand,+33 1 98 34 60 73,Rennes,35000,FR,Inactif,2024-03-31,migration_batch_12.xlsx,Migration ERP en cours
B2B-37122-0310,Distribution Dubois & Fils,202939080,,FR50202939080,,Nicolas Richard,+33 7 80 25 31 38,Grenoble,38000,FR,Actif,2022-04-16,legacy_erp_export.csv,Client prioritaire - relance facturation
B2B-80070-0311,Groupe Laurent EURL,105955182,10595518280148,,facturation.groupelaurenteurl@laposte.net,Isabelle Durand,+33 1 55 38 45 32,Saint-Étienne,42000,FR,Suspendu,2024-02-22,manual_onboarding_2023.xlsx,Compte créé avant réforme facturation électronique
B2B-37021-0312,Distribution Roux & Fils,735439627,73543962756872,FR58735439627,facturation.distributionrouxfils@laposte.net,Pierre Fournier,+33 6 68 33 32 34,Grenoble,38000,FR,Inactif,2023-01-20,import_crm_2024_Q1.xlsx,
B2B-19443-0313,Négoce Moreau EURL,637618209,63761820902715,FR89637618209,facturation.ngocemoreaueurl@gmail.com,,+33 4 41 20 44 28,Strasbourg,67000,FR,Actif,2022-06-24,legacy_erp_export.csv,
B2B-72970-0314,Transports Lambert & Fils,972457231,97245723182245,FR93972457231,,Marie Durand,+33 1 79 47 23 75,Nice,06000,FR,Actif,2023-08-11,legacy_erp_export.csv,SIRET à vérifier
B2B-24733-0315,Négoce Blanc SARL,721314510,72131451011115,FR30721314510,facturation.ngoceblancsarl@gmail.com,Anne Robert,+33 7 86 33 96 64,Nantes,44000,FR,Inactif,2024-01-26,manual_onboarding_2023.xlsx,
B2B-10285-0316,Logistique Perrin & Fils,225267715,22526771518961,FR83225267715,facturation.logistiqueperrinfils@gmail.com,Isabelle Robert,+33 7 55 50 73 64,Nice,06000,FR,Actif,2024-02-24,partner_feed_b2b.csv,Compte créé avant réforme facturation électronique
B2B-75156-0317,Négoce Perrin SASU,887883618,88788361890898,FR20887883618,facturation.ngoceperrinsasu@orange.fr,Julie Petit,+33 6 36 12 56 81,Rennes,35000,FR,Actif,2023-08-27,partner_feed_b2b.csv,
B2B-82286-0318,Maintenance Dupont & Fils,633302129,48717,FR88633302129,facturation.maintenancedupontfil@gmail.com,,+33 1 71 86 30 13,Strasbourg,67000,FR,Actif,2024-08-20,legacy_erp_export.csv,Compte créé avant réforme facturation électronique
B2B-49257-0319,Transports Martin SASU,765704123,76570412322751,FR91765704123,facturation.transportsmartinsasu@societe.com,Pierre Durand,+33 7 97 68 80 43,Reims,51100,FR,En attente,2024-02-13,legacy_erp_export.csv,Client prioritaire - relance facturation
B2B-62481-0320,Distribution Renault SA,903628917,903628917,FR21903628917,facturation.distributionrenaults@entreprise.fr,Philippe Robert,+33 7 92 64 34 44,Montpellier,34000,FR,Actif,2022-05-14,legacy_erp_export.csv,
B2B-50516-0321,Négoce Martin SASU,383034199,38303419963413,FR63383034199,facturation.ngocemartinsasu@gmail.com,Jean Leroy,+33 7 11 55 46 60,Reims,51100,FR,Actif,2024-04-14,migration_batch_12.xlsx,
B2B-75821-0322,Services Laurent & Fils,209679043,20967904310322,FR95209679043,facturation.serviceslaurentfils@gmail.com,Julie Richard,+33 4 30 74 76 87,Bordeaux,33000,FR,Inactif,2022-03-23,partner_feed_b2b.csv,Client prioritaire - relance facturation
B2B-37370-0323,Services Mercier SASU,991297100,99129710011425,FRXX991297100,facturation.servicesmerciersasu@entreprise.fr,Marie Fournier,+33 7 30 18 45 83,Le Havre,76600,FR,Inactif,2022-10-15,import_crm_2024_Q1.xlsx,Email facturation manquant
B2B-15189-0324,Équipements Blanc SA,546692755,54669275589417,FR46546692755,facturation.quipementsblancsa@entreprise.fr,Thomas Fournier,+33 6 89 92 17 41,Lyon,69001,FR,Actif,2023-04-02,partner_feed_b2b.csv,Email facturation manquant
B2B-97706-0325,Services Moreau EURL,157787114,15778711456769,FR9315778,,Philippe Leroy,+33 7 87 72 37 99,Reims,51100,FR,Actif,2025-03-09,import_crm_2024_Q1.xlsx,SIRET à vérifier
B2B-18178-0326,Groupe Girard & Fils,567303066,56730306610956,FR75567303066,facturation.groupegirardfils@orange.fr,Marie Michel,+33 7 67 63 77 37,Marseille,13001,FR,Actif,2022-12-03,legacy_erp_export.csv,Doublon suspecté
B2B-64932-0327,Transports Lambert France,778265966,77826596678266,FR53778265966,facturation.transportslambertfra@orange.fr,Marie Lemaire,+33 4 51 95 50 11,Saint-Étienne,42000,FR,Inactif,2023-06-23,migration_batch_12.xlsx,
B2B-69055-0328,Logistique Blanc SASU,406088353,40608835356531,FR70406088353,facturation.logistiqueblancsasu@orange.fr,François Fournier,+33 1 14 37 34 63,Nantes,44000,FR,Actif,2024-01-29,manual_onboarding_2023.xlsx,
B2B-49576-0329,Solutions Lambert EURL,481776656,48177665644017,FR07481776656,facturation.solutionslamberteurl@gmail.com,Pierre Fournier,+33 6 80 86 30 79,Lille,59000,FR,Actif,2022-06-29,import_crm_2024_Q1.xlsx,
B2B-95147-0330,Distribution Dubois SASU,096179815,09617981504277,FR56096179815,facturation.distributionduboissa@laposte.net,Philippe Richard,+33 7 80 58 24 35,Reims,51100,FR,Suspendu,2024-03-21,import_crm_2024_Q1.xlsx,Doublon suspecté
B2B-39351-0331,Maintenance Martin SARL,844446307,84444630720103,FR21844446307,facturation.maintenancemartinsar@laposte.net,Thomas Lemaire,+33 7 31 83 65 40,Paris,75001,FR,Inactif,2022-09-21,partner_feed_b2b.csv,
B2B-62837-0332,Logistique Faure France,582631282,,FR30582631282,facturation.logistiquefaurefranc@laposte.net,Thomas Robert,+33 4 21 21 13 65,Reims,51100,FR,En attente,2024-02-23,import_crm_2024_Q1.xlsx,
B2B-69468-0333,Maintenance Girard & Fils,523343837,5233438373604,FR96523343837,facturation.maintenancegirardfil@gmail.com,Pierre Dupuis,+33 6 24 68 86 25,Paris,75001,FR,Actif,2024-03-11,import_crm_2024_Q1.xlsx,Email facturation manquant
B2B-12877-0334,Distribution Simon SAS,617136650,61713665001329,FR62617136650,,François Bonnet,+33 1 25 53 54 71,Nice,06000,FR,En attente,2022-03-02,migration_batch_12.xlsx,
B2B-74985-0335,Services Lefebvre EURL,148465648,14846564872667,FR19148465648,facturation.serviceslefebvreeurl@societe.com,Pierre Richard,+33 1 37 13 51 27,Montpellier,34000,FR,Inactif,2024-11-15,partner_feed_b2b.csv,Client prioritaire - relance facturation
B2B-42780-0336,Groupe Lefebvre EURL,629946806,62994680639829,FR03629946806,facturation.groupelefebvreeurl@orange.fr,Sophie Dupuis,+33 5 60 23 84 85,Reims,51100,FR,Actif,2022-08-09,migration_batch_12.xlsx,SIRET à vérifier
B2B-66270-0337,Équipements Girard SASU,395517206,39551720638466,FR03395517206,facturation@.fr,François Giraud,+33 6 24 33 51 64,Strasbourg,67000,FR,Actif,2023-10-15,import_crm_2024_Q1.xlsx,Doublon suspecté
B2B-38019-0338,Négoce Lefebvre SASU,795381647,79538164713489,FR49795381647,facturation.ngocelefebvresasu@societe.com,Nicolas Lemaire,+33 1 83 92 63 97,Toulouse,31000,FR,Actif,2024-05-12,import_crm_2024_Q1.xlsx,
B2B-69347-0339,Services Bernard SA,995777388,99577738862021,FR90995777388,facturation.servicesbernardsa@orange.fr,Anne Leroy,+33 6 83 12 46 12,Lille,59000,FR,Actif,2023-11-22,import_crm_2024_Q1.xlsx,
B2B-71589-0340,Équipements Blanc EURL,164455610,16445561006,,,Nicolas Lemaire,+33 9 92 25 57 89,Rennes,35000,FR,Inactif,2023-04-09,legacy_erp_export.csv,
B2B-35055-0341,Groupe Bernard SA,580040101,58004010190167,FR67580040101,facturation.groupebernardsa@societe.com,Philippe Michel,+33 4 84 68 25 26,Nantes,44000,FR,Suspendu,2022-09-08,migration_batch_12.xlsx,Compte créé avant réforme facturation électronique
B2B-41525-0342,Groupe Mercier & Fils,977457310,,,facturation.groupemercierfils@societe.com,Sophie Dupuis,+33 4 98 19 19 73,Lyon,69001,FR,Actif,2025-04-24,migration_batch_12.xlsx,Compte créé avant réforme facturation électronique
B2B-51072-0343,Maintenance Marchand France,472812358,47281235867300,FR72472812358,facturation.maintenancemarchandf@orange.fr,Philippe Richard,+33 7 31 97 49 83,Rennes,35000,FR,Actif,2023-07-01,import_crm_2024_Q1.xlsx,Email facturation manquant
B2B-96754-0344,  Transports Roux EURL  ,951343322,95134332203201,FR45951343322,facturation.transportsrouxeurl@societe.com,Catherine Leroy,+33 6 55 65 37 29,Rennes,35000,FR,Inactif,2023-02-02,manual_onboarding_2023.xlsx,Client prioritaire - relance facturation
B2B-91293-0345,Services Dupont France,176936766,,FR23176936766,facturation.servicesdupontfrance@orange.fr,Anne Michel,+33 7 76 65 23 97,Le Havre,76600,FR,Suspendu,2024-04-08,partner_feed_b2b.csv,SIRET à vérifier
B2B-51302-0346,Logistique Marchand SAS,163287082,16328708232662,FR06163287082,facture.logistiquemarchandsa@orange.fr,Julie Lemaire,+33 6 31 36 54 91,Reims,51100,FR,Suspendu,2022-05-23,legacy_erp_export.csv,
B2B-53536-0347,Groupe Bernard SAS,720765026,,,facturation.groupebernardsas@gmail.com,Anne Leroy,+33 1 72 41 70 24,Montpellier,34000,FR,Actif,2022-07-12,import_crm_2024_Q1.xlsx,Migration ERP en cours
B2B-53997-0348,Distribution Dupont France,775847451,77584745139470,,facturation.distributiondupontfr@laposte.net,Thomas Dupuis,+33 9 24 44 97 76,Nantes,44000,FR,Inactif,2022-03-05,legacy_erp_export.csv,SIRET à vérifier
B2B-57109-0349,Équipements Simon SA,313614871,31361487189006,FR12313614871,facturation.quipementssimonsa@laposte.net,Isabelle Moreau,+33 7 49 34 15 84,Saint-Étienne,42000,FR,Actif,2023-08-14,import_crm_2024_Q1.xlsx,
B2B-75395-0350,Groupe Renault SA,272849821,27284982138630,FR37272849821,,Catherine Durand,+33 6 16 72 49 10,Lyon,69001,FR,En attente,2025-02-22,legacy_erp_export.csv,
B2B-45477-0351,Distribution Garnier SAS,236914309,23691430988932,FR77236914309,facturation.distributiongarniers@entreprise.fr,Philippe Moreau,+33 1 43 48 86 49,Reims,51100,FR,Actif,2022-10-05,partner_feed_b2b.csv,Compte créé avant réforme facturation électronique
B2B-36151-0352,Maintenance Perrin SARL,441497827,44149782769018,FR09441497827,,Julie Leroy,+33 7 69 55 64 69,Marseille,13001,FR,Actif,2023-09-12,legacy_erp_export.csv,Compte créé avant réforme facturation électronique
B2B-58904-0353,Maintenance Dupont EURL,298940628,29894062867896,FR54298940628,facturation.maintenanceduponteur@entreprise.fr,Jean Petit,+33 6 52 86 22 47,Reims,51100,FR,Suspendu,2022-04-19,legacy_erp_export.csv,Compte créé avant réforme facturation électronique
B2B-28894-0354,Distribution Lefebvre SARL,872324403,87232440300004,FR36872324403,,Anne Petit,+33 6 36 23 70 13,Lyon,69001,FR,Actif,2025-01-24,manual_onboarding_2023.xlsx,Email facturation manquant
B2B-96266-0355,Services Dubois & Fils,916202236,91620223671654,FR73916202236,facturation.servicesduboisfils@orange.fr,Catherine Fournier,+33 6 85 73 57 95,Grenoble,38000,FR,Actif,2024-07-25,import_crm_2024_Q1.xlsx,SIRET à vérifier
B2B-11444-0356,Distribution Marchand SA,940970520,94097052020750,FR15940970520,facturation.distributionmarchand@laposte.net,Thomas Giraud,+33 7 75 18 32 93,Paris,75001,FR,Suspendu,2023-09-13,partner_feed_b2b.csv,
B2B-94559-0357,Groupe Laurent & Fils,767929887,76792988777182,FR00767929887,facturation.groupelaurentfils@societe.com,Isabelle Bonnet,+33 9 18 15 13 30,Nantes,44000,FR,Suspendu,2023-04-30,import_crm_2024_Q1.xlsx,
B2B-60342-0358,Distribution Garnier SASU,610941017,61094101703861,FR12610941017,facturation.distributiongarniers@orange.fr,Isabelle Petit,+33 9 27 91 83 81,Montpellier,34000,FR,En attente,2023-01-29,import_crm_2024_Q1.xlsx,
B2B-92459-0359,Équipements Marchand SAS,788957986,78895798655933,FR56788957986,billing.quipementsmarchandsa@gmail.com,Sophie Durand,+33 1 56 62 82 79,Grenoble,38000,FR,Actif,2025-02-18,legacy_erp_export.csv,
B2B-67524-0360,Logistique Moreau EURL,661912845,66191284506747,FR40661912845,facturation.logistiquemoreaueurl@societe.com,Thomas Leroy,+33 7 42 59 55 18,Toulouse,31000,FR,En attente,2024-10-21,manual_onboarding_2023.xlsx,SIRET à vérifier
B2B-91087-0361,Distribution Bernard & Fils,774348733,77434873335992,FR01774348733,facturation.distributionbernardf@gmail.com,Thomas Lemaire,+33 9 43 93 13 14,Nice,06000,FR,Suspendu,2022-05-08,legacy_erp_export.csv,Email facturation manquant
B2B-19556-0362,Logistique Lambert EURL,990516991,99051699135456,FR23990516991,facturation.logistiquelamberteur@gmail.com,,+33 6 93 54 65 71,Marseille,13001,FR,Actif,2024-12-30,migration_batch_12.xlsx,SIRET à vérifier
B2B-99383-0363,Maintenance Lambert SAS,087066268,087066268,FR29087066268,facturation.maintenancelambertsa@gmail.com,Anne Leroy,+33 7 65 17 40 39,Lyon,69001,FR,Actif,2023-05-27,import_crm_2024_Q1.xlsx,
B2B-17425-0364,Industrie Mercier SAS,272405596,27240559652142,FR45272405596,facturation.industriemerciersas@entreprise.fr,François Petit,+33 1 42 79 36 73,Rennes,35000,FR,Actif,2025-02-03,manual_onboarding_2023.xlsx,Client prioritaire - relance facturation
B2B-79054-0365,Négoce Renault SA,458810563,45881056326680,FR52458810563,facturation.ngocerenaultsa@orange.fr,Thomas Richard,+33 6 25 57 28 14,Lyon,69001,FR,Actif,2023-07-08,manual_onboarding_2023.xlsx,SIRET à vérifier
B2B-49375-0366,Maintenance Marchand SARL,104967065,10496706526965,FR19104967065,facturation.maintenancemarchands@entreprise.fr,Pierre Dupuis,+33 6 94 49 14 79,Toulouse,31000,FR,Actif,2025-04-25,legacy_erp_export.csv,
B2B-54688-0367,Équipements Marchand EURL,966018645,96601864594269,FR42966018645,facturation.quipementsmarchandeu@societe.com,Thomas Michel,+33 7 69 40 26 11,Rennes,35000,FR,En attente,2024-03-19,import_crm_2024_Q1.xlsx,Migration ERP en cours
B2B-57408-0368,Groupe Simon EURL,449014959,44901495902263,FR69449014959,facturation..dupont@mail.fr,Jean Fournier,+33 7 71 91 81 37,Bordeaux,33000,FR,Actif,2023-07-20,manual_onboarding_2023.xlsx,Email facturation manquant
B2B-26675-0369,Services Dubois France,322903104,32290310476007,FR06322903104,facturation.servicesduboisfrance@laposte.net,Jean Giraud,+33 1 43 42 12 96,Bordeaux,33000,FR,En attente,2024-06-27,import_crm_2024_Q1.xlsx,Compte créé avant réforme facturation électronique
B2B-20151-0370,Groupe Laurent SARL,335956166,33595616679556,,facturation.groupelaurentsarl@laposte.net,Isabelle Moreau,,Nantes,44000,FR,Actif,2024-11-12,migration_batch_12.xlsx,Doublon suspecté
B2B-38163-0371,Négoce Dubois SASU,690261137,69026113771857,FR69690261137,facturation.ngoceduboissasu@entreprise.fr,Thomas Lemaire,+33 6 87 70 94 77,Montpellier,34000,FR,Actif,2023-04-18,partner_feed_b2b.csv,Doublon suspecté
B2B-25127-0372,  Logistique Garnier & Fils  ,376515887,37651588779327,FR36376515887,facturation.logistiquegarnierfil@orange.fr,Catherine Moreau,+33 6 78 41 62 96,Bordeaux,33000,FR,En attente,2022-10-31,migration_batch_12.xlsx,Email facturation manquant
B2B-92920-0373,Équipements Renault & Fils,327021645,32702164516567,FR60327021645,facturation.quipementsrenaultfil@gmail.com,Philippe Durand,+33 1 26 75 77 59,Lyon,69001,FR,Actif,2025-04-26,migration_batch_12.xlsx,
B2B-15929-0374,Services Simon & Fils,157676476,15767647677274,FR16157676476,facturation.servicessimonfils@societe.com,Marie Robert,+33 5 96 93 68 58,Reims,51100,FR,Inactif,2023-11-30,import_crm_2024_Q1.xlsx,Compte créé avant réforme facturation électronique
B2B-78838-0375,Services Martin France,986456526,9864565269581,FR82986456526,facturation.servicesmartinfrance@orange.fr,Philippe Giraud,+33 7 22 54 46 31,Grenoble,38000,FR,En attente,2022-08-06,legacy_erp_export.csv,Migration ERP en cours
B2B-28481-0376,Équipements Lambert France,138820907,13882090700873,fr23138820907,facturation.quipementslambertfra@entreprise.fr,Jean Leroy,+33 7 66 76 26 68,Toulouse,31000,FR,Actif,2022-10-08,manual_onboarding_2023.xlsx,
B2B-56362-0377,Distribution Dubois & Fils,131528541,,FR14131528541,,Jean Moreau,+33 7 34 81 94 90,Reims,51100,FR,Suspendu,2023-02-05,manual_onboarding_2023.xlsx,Email facturation manquant
B2B-29848-0378,Industrie Dupont EURL,727423187,72742318764315,FR45727423187,facturation.industrieduponteurl@societe.com,Anne Richard,+33 1 63 98 43 88,Lyon,69001,FR,Actif,2023-04-20,manual_onboarding_2023.xlsx,Email facturation manquant
B2B-74254-0379,Logistique Mercier EURL,695874135,69587413542650,FR57695874135,facturation.logistiquemerciereur@orange.fr,François Moreau,+33 7 50 94 24 54,Bordeaux,33000,FR,Inactif,2023-04-26,import_crm_2024_Q1.xlsx,Migration ERP en cours
B2B-45117-0380,Maintenance Faure France,836085452,83608545255731,FR07836085452,facturation.maintenancefaurefran@entreprise.fr,Nicolas Durand,+33 6 53 91 15 49,Bordeaux,33000,FR,En attente,2023-11-07,legacy_erp_export.csv,Compte créé avant réforme facturation électronique
B2B-12610-0381,Équipements Lefebvre SA,061558106,06155810626009,FR07061558106,facturation.quipementslefebvresa@orange.fr,,+33 4 47 30 57 52,Lille,59000,FR,En attente,2022-07-29,migration_batch_12.xlsx,SIRET à vérifier
B2B-73556-0382,Groupe Moreau France,024403307,,FR56024403307,facturation.groupemoreaufrance@entreprise.fr,Pierre Lemaire,+33 1 19 19 74 63,Reims,51100,FR,Inactif,2023-02-02,migration_batch_12.xlsx,Migration ERP en cours
B2B-52431-0383,Groupe Renault EURL,680447313,68044731356299,,facturation.grouperenaulteurl@gmail.com,Sophie Moreau,+33 7 46 99 78 74,Nice,06000,FR,Actif,2024-07-15,legacy_erp_export.csv,
B2B-62081-0384,Services Bernard SARL,375791456,37579145622184,FR28375791456,facturation.servicesbernardsarl@orange.fr,Catherine Bonnet,+33 6 61 88 70 76,Lille,59000,FR,Actif,2022-11-05,import_crm_2024_Q1.xlsx,Doublon suspecté
B2B-84096-0385,Distribution Blanc & Fils,960438784,96043878442183,FR40960438784,facturation.distributionblancfil@entreprise.fr,Julie Fournier,+33 6 23 64 99 19,Toulouse,31000,FR,Actif,2022-03-21,partner_feed_b2b.csv,Email facturation manquant
B2B-32376-0386,Logistique Perrin SA,872866041,87286604188694,FR06872866041,facturation.logistiqueperrinsa@laposte.net,Thomas Leroy,+33 5 82 93 31 28,Grenoble,38000,FR,Inactif,2024-08-05,legacy_erp_export.csv,Doublon suspecté
B2B-27739-0387,Distribution Bernard SARL,287056220,28705622091942,FR53287056220,facturation.distributionbernards@orange.fr,Sophie Lemaire,+33 7 52 22 17 89,Nice,06000,FR,Actif,2023-07-17,manual_onboarding_2023.xlsx,SIRET à vérifier
B2B-86607-0388,Logistique Laurent SARL,459648836,45964883628369,FR49459648836,facturation.logistiquelaurentsar@laposte.net,Pierre Michel,+33 6 76 85 92 59,Grenoble,38000,FR,Suspendu,2024-08-27,legacy_erp_export.csv,
B2B-10350-0389,Solutions Marchand SASU,896383464,89638346488039,,facturation.solutionsmarchandsas@orange.fr,Marie Bonnet,+33 6 70 10 51 19,Bordeaux,33000,FR,Actif,2023-05-09,migration_batch_12.xlsx,SIRET à vérifier
B2B-59454-0390,Groupe Faure SAS,699854355,69985435531285,FR17699854355,facturation.groupefauresas@entreprise.fr,Isabelle Michel,+33 5 77 20 87 37,Montpellier,34000,FR,En attente,2024-06-10,manual_onboarding_2023.xlsx,
B2B-13315-0391,Maintenance Garnier SAS,575639830,5756398309799,FR81575639830,facturation.maintenancegarniersa@gmail.com,,+33 6 10 85 49 52,Saint-Étienne,42000,FR,Suspendu,2024-09-07,partner_feed_b2b.csv,
B2B-43166-0392,Services Renault & Fils,409079777,40907977784875,FR9640907,facturation.servicesrenaultfils@societe.com,Marie Durand,+33 6 32 26 20 63,Le Havre,76600,FR,Actif,2022-02-04,manual_onboarding_2023.xlsx,Doublon suspecté
B2B-32179-0393,Services Lefebvre EURL,148465648,,FR19148465648,facture.serviceslefebvreeurl@laposte.net,Thomas Durand,+33 9 63 95 95 17,Montpellier,34000,FR,Suspendu,2022-01-07,manual_onboarding_2023.xlsx,Migration ERP en cours
B2B-83473-0394,Logistique Moreau SARL,515791974,51579197495623,fr21515791974,facturation.logistiquemoreausarl@gmail.com,Pierre Leroy,+33 6 31 11 37 91,Marseille,13001,FR,Actif,2022-09-29,manual_onboarding_2023.xlsx,
B2B-59716-0395,Industrie Girard SAS,424295630,42429563038657,FR37424295630,facturation.industriegirardsas@laposte.net,Julie Fournier,+33 7 55 84 56 54,Marseille,13001,FR,En attente,2024-02-29,legacy_erp_export.csv,Compte créé avant réforme facturation électronique
B2B-84542-0396,Groupe Bernard SASU,365435887,36543588727619,FR93365435887,facturation.groupebernardsasu@laposte.net,Sophie Fournier,+33 6 76 94 90 33,Reims,51100,FR,Actif,2022-08-03,manual_onboarding_2023.xlsx,
B2B-30807-0397,Services Marchand SASU,675512545,67551254598572,FR67675512545,facturation.servicesmarchandsasu@gmail.com,Catherine Bonnet,,Marseille,13001,FR,Actif,2024-11-04,import_crm_2024_Q1.xlsx,SIRET à vérifier
B2B-65822-0398,Groupe Dubois SAS,496902820,49690282098546,FR56496902820,,Pierre Dupuis,+33 6 21 49 28 54,Rennes,35000,FR,Actif,2023-01-14,legacy_erp_export.csv,Client prioritaire - relance facturation
B2B-67219-0399,Services Lambert & Fils,752553418,75255341879840,FR10752553418,facturation.serviceslambertfils@orange.fr,Pierre Dupuis,+33 7 10 71 30 54,Toulouse,31000,FR,Actif,2024-03-04,legacy_erp_export.csv,Doublon suspecté
B2B-27501-0400,Logistique Lambert SAS,475107998,47510799813104,FR89475107998,facture.logistiquelambertsas@laposte.net,,+33 9 86 60 78 19,Lille,59000,FR,En attente,2024-03-26,import_crm_2024_Q1.xlsx,Client prioritaire - relance facturation
B2B-28098-0401,Maintenance Simon EURL,730346158,73034615837350,FR61730346158,facturation@,Philippe Dupuis,+33 1 43 63 32 30,Marseille,13001,FR,Inactif,2022-01-26,legacy_erp_export.csv,Doublon suspecté
B2B-26874-0402,Transports Mercier EURL,986707667,98670766797263,FR09986707667,facturation.transportsmerciereur@gmail.com,Anne Fournier,+33 7 52 78 56 24,Nice,06000,FR,Actif,2025-04-23,manual_onboarding_2023.xlsx,Client prioritaire - relance facturation
B2B-77488-0403,Distribution Marchand SA,976074011,97607401178555,FR13976074011,facturation.distributionmarchand@laposte.net,Nicolas Moreau,,Paris,75001,FR,Suspendu,2022-03-16,migration_batch_12.xlsx,SIRET à vérifier
B2B-42588-0404,Services Garnier France,482814890,48281489026071,FR39482814890,facturation.servicesgarnierfranc@gmail.com,Thomas Petit,+33 6 91 73 65 45,Marseille,13001,FR,En attente,2024-07-27,import_crm_2024_Q1.xlsx,
B2B-52806-0405,Solutions Mercier EURL,502916810,50291681002933,FR26502916810,facturation.solutionsmerciereurl@orange.fr,Julie Michel,+33 1 65 24 34 83,Strasbourg,67000,FR,Actif,2025-03-20,partner_feed_b2b.csv,Client prioritaire - relance facturation
B2B-67271-0406,Groupe Girard SARL,424809620,42480962027,,facturation.groupegirardsarl@gmail.com,Philippe Dupuis,+33 7 69 86 91 50,Strasbourg,67000,FR,Inactif,2025-04-19,partner_feed_b2b.csv,Doublon suspecté
B2B-80969-0407,Distribution Laurent EURL,678055551,67805555197330,FR35678055551,facturation.distributionlaurente@entreprise.fr,Sophie Giraud,+33 9 42 61 14 94,Le Havre,76600,FR,En attente,2024-01-27,manual_onboarding_2023.xlsx,Migration ERP en cours
B2B-51331-0408,Solutions Perrin EURL,770299295,77029929503068,FR64770299295,facturation.societe,Thomas Lemaire,+33 6 58 78 26 58,Reims,51100,FR,Actif,2024-04-01,migration_batch_12.xlsx,SIRET à vérifier
B2B-56140-0409,ÉQuIPeMENTS lAmbeRT SASu,369455152,,FR12369455152,facturation.quipementslambertsas@entreprise.fr,Catherine Fournier,+33 7 30 32 61 46,Strasbourg,67000,FR,Actif,2023-05-06,legacy_erp_export.csv,Email facturation manquant
B2B-36186-0410,Distribution Roux & Fils,524103979,52410397958150,FR52524103979,,,+33 6 87 52 30 41,Rennes,35000,FR,Inactif,2024-02-29,import_crm_2024_Q1.xlsx,SIRET à vérifier
B2B-44082-0411,Groupe Faure France,819807703,81980770395046,FR52819807703,facturation.groupefaurefrance@gmail.com,Isabelle Moreau,+33 9 64 25 23 28,Le Havre,76600,FR,Suspendu,2023-11-27,legacy_erp_export.csv,Client prioritaire - relance facturation
B2B-73254-0412,Groupe Blanc SA,341517736,34151773658284,,facturation.groupeblancsa@laposte.net,Catherine Lemaire,+33 7 86 14 27 28,Grenoble,38000,FR,Suspendu,2022-11-21,migration_batch_12.xlsx,Migration ERP en cours
B2B-72296-0413,Groupe Roux SARL,742229468,74222946827742,FR66742229468,facturation.grouperouxsarl@societe.com,Nicolas Robert,+33 7 56 75 76 61,Le Havre,76600,FR,En attente,2024-02-06,partner_feed_b2b.csv,Email facturation manquant
B2B-94984-0414,Solutions Roux SA,287276019,28727601929400,FR44287276019,facturation.solutionsrouxsa@orange.fr,Nicolas Bonnet,+33 1 93 35 55 73,Toulouse,31000,FR,En attente,2023-04-13,legacy_erp_export.csv,Doublon suspecté
B2B-97063-0415,Solutions Moreau SARL,940265427,94026542728221,FR15940265427,,François Petit,+33 1 44 80 78 78,Strasbourg,67000,FR,Suspendu,2023-05-17,legacy_erp_export.csv,Email facturation manquant
B2B-33256-0416,Services Dubois SA,094841319,09484131927227,FR77094841319,facturation.servicesduboissa@orange.fr,Sophie Bonnet,+33 9 69 22 78 16,Paris,75001,FR,En attente,2025-04-22,legacy_erp_export.csv,Email facturation manquant
B2B-49316-0417,Négoce Marchand SARL,909617392,90961739298901,FR76909617392,facturation.ngocemarchandsarl@entreprise.fr,Anne Michel,+33 6 52 74 71 75,Nice,06000,FR,En attente,2023-09-25,partner_feed_b2b.csv,
B2B-33878-0418,Services Roux France,053315866,05331586681351,FR42053315866,facturation.servicesrouxfrance@gmail.com,Isabelle Giraud,+33 6 32 18 65 96,Marseille,13001,FR,Actif,2023-03-13,manual_onboarding_2023.xlsx,Compte créé avant réforme facturation électronique
B2B-50027-0419,Services Blanc SAS,587149393,58714939351935,FR68587149393,facturation.servicesblancsas@orange.fr,Pierre Bonnet,+33 5 76 70 93 86,Toulouse,31000,FR,Actif,2024-01-30,legacy_erp_export.csv,Migration ERP en cours
B2B-53741-0420,Transports Faure SARL,557469664,55746966446348,,facturation.transportsfauresarl@orange.fr,Catherine Michel,+33 6 36 94 42 47,Strasbourg,67000,FR,Actif,2024-10-27,partner_feed_b2b.csv,Migration ERP en cours
B2B-24003-0421,Maintenance Renault SAS,132579707,13257970779522,FRXX132579707,facturation.maintenancerenaultsa@societe.com,Philippe Durand,+33 7 45 78 57 66,Nice,06000,FR,Actif,2022-11-05,migration_batch_12.xlsx,Migration ERP en cours
B2B-85246-0422,Groupe Lambert SASU,381735989,38173598938196,FR80381735989,facturation.groupelambertsasu@gmail.com,Pierre Petit,+33 5 56 67 37 33,Le Havre,76600,FR,En attente,2022-02-17,legacy_erp_export.csv,
B2B-94179-0423,  Solutions Dupont SASU  ,666708085,66670808504205,FR78666708085,facturation.solutionsdupontsasu@societe.com,Isabelle Giraud,+33 7 91 18 19 82,Strasbourg,67000,FR,En attente,2023-01-26,import_crm_2024_Q1.xlsx,SIRET à vérifier
B2B-46289-0424,Distribution Dubois France,772512951,77251295196922,FR24772512951,facturation.distributionduboisfr@entreprise.fr,Jean Moreau,+33 6 89 59 12 11,Grenoble,38000,FR,Inactif,2023-02-15,migration_batch_12.xlsx,Doublon suspecté
B2B-85609-0425,Négoce Marchand SASU,012269163,01226916350019,FR75012269163,billing.ngocemarchandsasu@orange.fr,Pierre Richard,+33 6 13 78 87 15,Nice,06000,FR,Actif,2023-03-21,manual_onboarding_2023.xlsx,
B2B-27997-0426,Logistique Perrin France,935348749,93534874906658,FR92935348749,facturation.logistiqueperrinfran@gmail.com,Philippe Durand,+33 6 58 16 67 66,Nice,06000,FR,Suspendu,2024-11-23,import_crm_2024_Q1.xlsx,
B2B-37477-0427,  Logistique Dubois SA  ,179556331,17955633133460,FR69179556331,facturation@.fr,Marie Fournier,+33 7 63 61 22 55,Bordeaux,33000,FR,Inactif,2022-02-02,manual_onboarding_2023.xlsx,Doublon suspecté
B2B-15946-0428,Services Renault France,232902829,23290282908019,FR39232902829,facturation.servicesrenaultfranc@societe.com,Sophie Lemaire,+33 5 89 63 30 63,Paris,75001,FR,Actif,2022-11-29,import_crm_2024_Q1.xlsx,Email facturation manquant
B2B-36748-0429,Solutions Dupont EURL,465495007,46549500796331,FR465495007,facturation.solutionsduponteurl@orange.fr,Philippe Durand,+33 6 30 22 11 54,Paris,75001,FR,En attente,2024-06-20,legacy_erp_export.csv,
B2B-50819-0430,Services Martin SA,128059820,12805982056333,FR11128059820,facturation.servicesmartinsa@entreprise.fr,Nicolas Robert,+33 7 88 95 22 71,Nantes,44000,FR,Suspendu,2024-04-07,manual_onboarding_2023.xlsx,
B2B-42739-0431,Solutions Marchand SASU,896383464,89638346488039,FR04896383464,facturation.solutionsmarchandsas@laposte.net,Pierre Lemaire,+33 5 69 95 85 76,Bordeaux,33000,FR,Suspendu,2024-02-28,import_crm_2024_Q1.xlsx,Client prioritaire - relance facturation
B2B-67653-0432,Négoce Perrin SARL,104332189,10433218911395,FR83104332189,facture.ngoceperrinsarl@orange.fr,François Durand,+33 4 30 60 51 11,Paris,75001,FR,Actif,2023-07-27,migration_batch_12.xlsx,Doublon suspecté
B2B-54204-0433,éQUIpEMeNTS GiRARD sARL,245787153,2457871534789,DE63245787153,facturation.quipementsgirardsarl@entreprise.fr,François Durand,+33 4 22 39 68 24,Reims,51100,FR,Actif,2022-11-08,migration_batch_12.xlsx,SIRET à vérifier
B2B-36502-0434,Distribution Blanc SAS,406468674,,FR22406468674,facturation.distributionblancsas@gmail.com,Marie Michel,+33 5 36 88 86 18,Grenoble,38000,FR,Actif,2024-03-12,legacy_erp_export.csv,SIRET à vérifier
B2B-61249-0435,Maintenance Moreau & Fils,933513422,93351342276798,FR25933513422,facturation.maintenancemoreaufil@orange.fr,Sophie Fournier,+33 7 51 11 91 25,Grenoble,38000,FR,Actif,2025-01-13,migration_batch_12.xlsx,Email facturation manquant
B2B-30142-0436,Maintenance Simon & Fils,154064179,15406417963871,FR62154064179,facturation.maintenancesimonfils@laposte.net,Sophie Giraud,+33 7 40 95 73 99,Grenoble,38000,FR,Actif,2023-05-31,migration_batch_12.xlsx,Doublon suspecté
B2B-65003-0437,Distribution Roux SASU,451017391,,fr58451017391,facturation.distributionrouxsasu@laposte.net,Marie Lemaire,+33 7 87 76 95 58,Strasbourg,67000,FR,Actif,2025-04-03,migration_batch_12.xlsx,SIRET à vérifier
B2B-61608-0438,  Maintenance Dupont SAS  ,057798060,05779806023689,FR96057798060,facturation.maintenancedupontsas@gmail.com,François Leroy,+33 7 13 68 42 55,Rennes,35000,FR,Suspendu,2023-06-23,legacy_erp_export.csv,Client prioritaire - relance facturation
B2B-83200-0439,Logistique Faure SASU,019655696,01965569667033,FR24019655696,facturation.logistiquefauresasu@laposte.net,Julie Moreau,+33 4 73 21 52 55,Toulouse,31000,FR,Suspendu,2024-04-11,manual_onboarding_2023.xlsx,Email facturation manquant
B2B-93817-0440,Solutions Simon SAS,263475572,26347557202087,FR263475572,facturation..dupont@mail.fr,Sophie Bonnet,+33 7 81 78 32 60,Nantes,44000,FR,Actif,2023-11-28,migration_batch_12.xlsx,Doublon suspecté
B2B-62003-0441,Industrie Marchand France,261499159,26149915932231,FR95261499159,facturation.industriemarchandfra@societe.com,Pierre Dupuis,,Paris,75001,FR,Actif,2024-09-16,partner_feed_b2b.csv,SIRET à vérifier
B2B-82918-0442,Négoce Faure & Fils,893628965,89362896592634,FR34893628965,facturation.ngocefaurefils@laposte.net,Nicolas Moreau,+33 6 50 79 55 19,Nice,06000,FR,Actif,2022-07-17,migration_batch_12.xlsx,Email facturation manquant
B2B-80170-0443,Groupe Martin EURL,519358374,51935837457392,FR24519358374,facturation.groupemartineurl@entreprise.fr,Anne Moreau,+33 6 12 81 67 81,Rennes,35000,FR,Suspendu,2023-07-20,migration_batch_12.xlsx,Migration ERP en cours
B2B-13614-0444,Équipements Mercier SA,976263744,97626374474692,FR16976263744,facturation@,Philippe Robert,+33 5 10 88 16 55,Toulouse,31000,FR,Actif,2023-01-03,legacy_erp_export.csv,
B2B-95119-0445,Maintenance Faure & Fils,715116969,71511696918154,FR76715116969,facturation.maintenancefaurefils@laposte.net,Pierre Petit,+33 6 65 42 73 21,Bordeaux,33000,FR,Actif,2024-12-08,manual_onboarding_2023.xlsx,
B2B-89450-0446,Transports Dupont SA,080512085,08051208540142,FR59080512085,facturation.transportsdupontsa@gmail.com,Anne Bonnet,+33 6 32 34 91 89,Strasbourg,67000,FR,Actif,2025-03-21,legacy_erp_export.csv,Email facturation manquant
B2B-33264-0447,Logistique Faure France,260256341,26025634120866,FR30260256341,facturation.logistiquefaurefranc@orange.fr,Catherine Durand,+33 1 49 47 23 54,Paris,75001,FR,Actif,2024-07-20,migration_batch_12.xlsx,SIRET à vérifier
B2B-68711-0448,Distribution Lefebvre France,181535235,18153523505451,FR90181535235,facturation.distributionlefebvre@laposte.net,Jean Fournier,+33 1 76 21 94 93,Strasbourg,67000,FR,Actif,2023-08-02,manual_onboarding_2023.xlsx,
B2B-68707-0449,Transports Renault SARL,346666173,34666617373564,FR33346666173,facturation..dupont@mail.fr,Anne Moreau,+33 7 97 99 17 77,Nantes,44000,FR,Actif,2022-04-09,migration_batch_12.xlsx,
B2B-16187-0450,Équipements Simon SASU,463580687,46358068789277,FR14463580687,facturation.quipementssimonsasu@gmail.com,Sophie Petit,+33 6 38 50 19 36,Nantes,44000,FR,Actif,2023-08-18,import_crm_2024_Q1.xlsx,Client prioritaire - relance facturation
B2B-96454-0451,Services Roux SASU,526356022,52635602233840,FR34526356022,facturation.servicesrouxsasu@entreprise.fr,François Bonnet,+33 5 36 93 44 62,Montpellier,34000,FR,Inactif,2023-06-04,migration_batch_12.xlsx,
B2B-92121-0452,Services Renault SARL,607231110,60723111070377,FR71607231110,facturation.servicesrenaultsarl@laposte.net,Pierre Lemaire,+33 7 46 78 46 46,Marseille,13001,FR,Actif,2025-02-10,partner_feed_b2b.csv,Client prioritaire - relance facturation
B2B-26661-0453,maintenance simon sarl,807711302,80771130290913,FR04807711302,facturation.maintenancesimonsarl@gmail.com,Sophie Moreau,+33 9 28 66 86 15,Reims,51100,FR,Actif,2023-12-01,manual_onboarding_2023.xlsx,
B2B-55890-0454,LOgIstiquE RouX sAS,730662485,73066248525472,FR91730662485,facturation.logistiquerouxsas@laposte.net,François Lemaire,+33 7 18 41 87 77,Montpellier,34000,FR,En attente,2024-03-01,manual_onboarding_2023.xlsx,SIRET à vérifier
B2B-68939-0455,Distribution Lambert SA,379457729,37945772918927,FR17379457729,,François Lemaire,+33 7 42 30 57 12,Toulouse,31000,FR,Inactif,2022-09-14,manual_onboarding_2023.xlsx,Client prioritaire - relance facturation
B2B-63188-0456,Solutions Blanc & Fils,667776758,66777675817447,FR53667776758,facturation.solutionsblancfils@societe.com,Sophie Richard,+33 6 82 34 94 89,Strasbourg,67000,FR,Inactif,2022-10-17,partner_feed_b2b.csv,
B2B-81149-0457,Équipements Simon & Fils,749603352,74960335267829,FR92749603352,facturation.quipementssimonfils@entreprise.fr,Pierre Fournier,+33 6 59 82 95 32,Strasbourg,67000,FR,Actif,2022-11-05,partner_feed_b2b.csv,Doublon suspecté
B2B-71417-0458,Logistique Bernard SARL,327599807,32759980701136,FR89327599807,facturation.logistiquebernardsar@gmail.com,Isabelle Petit,+33 7 35 29 37 49,Paris,75001,FR,Suspendu,2022-12-25,manual_onboarding_2023.xlsx,Migration ERP en cours
B2B-23303-0459,Maintenance  Simon  SASU,822261895,822261895,FR37822261895,facturation.maintenancesimonsasu@entreprise.fr,Julie Michel,+33 4 24 94 28 66,Lille,59000,FR,Inactif,2025-04-12,migration_batch_12.xlsx,
B2B-68632-0460,Services Laurent SASU,079551515,07955151588784,FR25079551515,facturation.serviceslaurentsasu@entreprise.fr,Pierre Petit,+33 4 91 51 47 20,Nice,06000,FR,Actif,2023-06-02,legacy_erp_export.csv,Compte créé avant réforme facturation électronique
B2B-46732-0461,Groupe Marchand EURL,807520349,80752034905302,FR27807520349,,Julie Dupuis,+33 6 52 80 14 26,Nantes,44000,FR,Inactif,2024-02-18,partner_feed_b2b.csv,
B2B-98067-0462,Services Garnier & Fils,465586659,46558665972401,FR50465586659,,Catherine Michel,+33 7 95 20 95 50,Nice,06000,FR,Actif,2024-02-04,import_crm_2024_Q1.xlsx,
B2B-84961-0463,Services  Marchand  &  Fils,311005916,31100591643371,FR7731100,facturation.servicesmarchandfils@gmail.com,Anne Petit,,Le Havre,76600,FR,Suspendu,2024-12-20,legacy_erp_export.csv,Email facturation manquant
B2B-35860-0464,Services Dubois SARL,792749071,79274907123049,FR61792749071,facturation.servicesduboissarl@orange.fr,Nicolas Robert,+33 4 99 25 99 19,Lyon,69001,FR,Actif,2024-04-24,migration_batch_12.xlsx,Migration ERP en cours
B2B-38607-0465,Services Bernard SARL,645380440,64538044064739,FR89645380440,facturation.servicesbernardsarl@laposte.net,Julie Durand,+33 9 20 96 67 11,Lyon,69001,FR,En attente,2022-05-15,migration_batch_12.xlsx,Migration ERP en cours
B2B-51820-0466,Logistique Perrin France,935348749,93534874906658,FR92935348749,facturation.logistiqueperrinfran@laposte.net,Julie Fournier,+33 7 72 50 79 34,Nice,06000,FR,Inactif,2024-08-07,partner_feed_b2b.csv,Email facturation manquant
B2B-30012-0467,Maintenance Garnier SARL,266025623,86739,FR69266025623,,Pierre Bonnet,+33 4 22 12 60 70,Strasbourg,67000,FR,En attente,2023-07-23,legacy_erp_export.csv,Client prioritaire - relance facturation
B2B-73771-0468,Logistique Bernard SA,976627059,97662705962482,FR69976627059,facturation.logistiquebernardsa@societe.com,Nicolas Robert,+33 7 37 63 72 11,Grenoble,38000,FR,En attente,2022-09-23,migration_batch_12.xlsx,Migration ERP en cours
B2B-54708-0469,Solutions Perrin SAS,525971074,52597107442755,FR72525971074,facturation.solutionsperrinsas@orange.fr,Isabelle Dupuis,+33 9 45 81 53 83,Toulouse,31000,FR,Actif,2025-04-29,migration_batch_12.xlsx,Client prioritaire - relance facturation
B2B-42649-0470,Services Blanc SARL,797058164,79705816464348,FR53797058164,facturation.servicesblancsarl@entreprise.fr,Anne Lemaire,,Lille,59000,FR,En attente,2024-09-15,migration_batch_12.xlsx,
B2B-45750-0471,  Négoce Moreau SA  ,575983397,57598339707938,FR60575983397,,Thomas Giraud,+33 7 64 99 11 48,Grenoble,38000,FR,Actif,2024-07-03,partner_feed_b2b.csv,Compte créé avant réforme facturation électronique
B2B-30575-0472,Négoce Marchand SA,975147436,97514743676871,FR17975147436,facturation.ngocemarchandsa@orange.fr,Isabelle Durand,+33 7 80 71 57 28,Marseille,13001,FR,Actif,2022-03-12,manual_onboarding_2023.xlsx,Doublon suspecté
B2B-84136-0473,Logistique Blanc SASU,406088353,40608835356531,FR70406088353,facturation.logistiqueblancsasu@gmail.com,Thomas Durand,+33 4 73 18 18 27,Nantes,44000,FR,Inactif,2024-03-31,migration_batch_12.xlsx,
B2B-78770-0474,Logistique Girard SAS,662813727,66281372707407,FR72662813727,facturation.logistiquegirardsas@societe.com,Jean Durand,+33 4 71 15 15 38,Toulouse,31000,FR,Suspendu,2024-03-21,import_crm_2024_Q1.xlsx,Compte créé avant réforme facturation électronique
B2B-47963-0475,Transports Lefebvre SAS,706810397,70681039764417,,facturation.transportslefebvresa@gmail.com,Isabelle Lemaire,+33 7 75 31 60 37,Rennes,35000,FR,Inactif,2022-11-24,legacy_erp_export.csv,Migration ERP en cours
B2B-53841-0476,DISTRIBUTION DUBOIS FRANCE,354614704,35461470426816,FR19354614704,facturation.distributionduboisfr@orange.fr,Marie Durand,+33 6 36 35 82 48,Strasbourg,67000,FR,En attente,2023-06-01,legacy_erp_export.csv,Compte créé avant réforme facturation électronique
B2B-13121-0477,Solutions Marchand EURL,403253769,403253769,FR17403253769,facturation.solutionsmarchandeur@orange.fr,Catherine Fournier,+33 7 95 41 19 88,Rennes,35000,FR,Actif,2024-06-30,partner_feed_b2b.csv,
B2B-22744-0478,Maintenance Bernard SASU,155940782,15594078216361,FR88155940782,,Sophie Dupuis,+33 7 57 19 45 63,Nice,06000,FR,Actif,2022-09-04,import_crm_2024_Q1.xlsx,Email facturation manquant
B2B-11739-0479,  Négoce Perrin SARL  ,104332189,10433218911395,FR83104332189,facturation.ngoceperrinsarl@gmail.com,Marie Lemaire,+33 7 44 12 99 82,Paris,75001,FR,En attente,2022-04-01,import_crm_2024_Q1.xlsx,Migration ERP en cours
B2B-46905-0480,Transports Martin France,734043370,73404337057061,FR38734043370,facturation.transportsmartinfran@societe.com,Julie Fournier,+33 1 46 56 21 86,Rennes,35000,FR,En attente,2022-10-26,manual_onboarding_2023.xlsx,Doublon suspecté
B2B-63346-0481,Distribution Lambert EURL,296575429,29657542956585,FR07296575429,facturation.distributionlamberte@gmail.com,Anne Michel,+33 5 55 92 69 67,Nantes,44000,FR,Suspendu,2022-10-25,migration_batch_12.xlsx,Doublon suspecté
B2B-80806-0482,Transports Roux EURL,951343322,95134332203201,FR45951343322,facturation.transportsrouxeurl@orange.fr,Anne Robert,+33 4 98 60 20 63,Rennes,35000,FR,Actif,2023-04-10,manual_onboarding_2023.xlsx,Email facturation manquant
B2B-25325-0483,Solutions Perrin & Fils,558686393,13949,DE71558686393,facturation.solutionsperrinfils@orange.fr,François Dupuis,+33 6 10 74 23 73,Reims,51100,FR,Actif,2023-01-27,import_crm_2024_Q1.xlsx,
B2B-14076-0484,Logistique Perrin SA,413211475,41321147552822,FR45413211475,facturation.logistiqueperrinsa@gmail.com,Julie Bonnet,+33 7 57 36 48 64,Montpellier,34000,FR,Inactif,2023-10-17,manual_onboarding_2023.xlsx,
B2B-43525-0485,Distribution Dupont EURL,768169955,76816995563890,FR76768169955,facturation.distributionduponteu@gmail.com,Catherine Michel,+33 6 41 90 22 68,Paris,75001,FR,Suspendu,2024-07-13,legacy_erp_export.csv,SIRET à vérifier
B2B-22445-0486,Services Marchand SA,029087185,02908718574062,FR76029087185,facturation.servicesmarchandsa@entreprise.fr,Thomas Dupuis,+33 5 84 25 99 76,Grenoble,38000,FR,Actif,2022-11-14,import_crm_2024_Q1.xlsx,Client prioritaire - relance facturation
B2B-73195-0487,Services Roux SA,730626042,73062604289526,FR81730626042,facturation.servicesrouxsa@societe.com,Catherine Richard,+33 1 22 31 27 26,Le Havre,76600,FR,Actif,2024-12-11,manual_onboarding_2023.xlsx,Compte créé avant réforme facturation électronique
B2B-23936-0488,Logistique Bernard SA,670468611,67046861187,FR71670468611,facturation.logistiquebernardsa@laposte.net,Catherine Moreau,+33 6 27 25 13 30,Saint-Étienne,42000,FR,Actif,2023-01-15,migration_batch_12.xlsx,SIRET à vérifier
B2B-25184-0489,LOGISTIQUE FAURE SASU,019655696,,FR24019655696,billing.logistiquefauresasu@gmail.com,Sophie Richard,+33 6 99 60 11 57,Toulouse,31000,FR,Actif,2024-08-30,partner_feed_b2b.csv,Email facturation manquant
B2B-38065-0490,Équipements Laurent France,126881221,12688122108912,FR58126881221,facturation.quipementslaurentfra@entreprise.fr,Thomas Petit,,Reims,51100,FR,Inactif,2022-02-26,legacy_erp_export.csv,Doublon suspecté
B2B-61219-0491,Services Roux SASU,793279861,79327986137699,,facturation.servicesrouxsasu@entreprise.fr,Marie Moreau,+33 7 18 81 20 28,Lille,59000,FR,Actif,2023-09-14,migration_batch_12.xlsx,Doublon suspecté
B2B-50388-0492,Négoce Laurent EURL,787698991,78769899111925,FR57787698991,facturation.ngocelaurenteurl@entreprise.fr,Isabelle Giraud,+33 6 42 90 44 44,Nantes,44000,FR,Actif,2023-12-15,manual_onboarding_2023.xlsx,Client prioritaire - relance facturation
B2B-53908-0493,Services Mercier SAS,864496395,8644963958991,FR03864496395,facturation.servicesmerciersas@laposte.net,Julie Giraud,+33 6 69 84 76 32,Montpellier,34000,FR,Suspendu,2024-10-14,manual_onboarding_2023.xlsx,Client prioritaire - relance facturation
B2B-61331-0494,Négoce Bernard SA,749785245,74978524549356,FR49749785245,facturation.ngocebernardsa@societe.com,Philippe Durand,+33 7 73 68 80 84,Lyon,69001,FR,Inactif,2022-08-10,partner_feed_b2b.csv,SIRET à vérifier
B2B-60709-0495,Logistique Girard SARL,512215005,,INVALID,facturation.logistiquegirardsarl@laposte.net,Pierre Petit,+33 9 36 15 94 82,Lille,59000,FR,En attente,2025-03-14,manual_onboarding_2023.xlsx,Compte créé avant réforme facturation électronique
B2B-56340-0496,Maintenance Lefebvre SASU,320895322,32089532202285,FR69320895322,facturation.maintenancelefebvres@orange.fr,Marie Bonnet,+33 5 72 25 22 41,Rennes,35000,FR,Actif,2022-01-07,legacy_erp_export.csv,Migration ERP en cours
B2B-67041-0497,Maintenance Marchand EURL,996733110,99673311096883,FR33996733110,facturation.maintenancemarchande@entreprise.fr,Anne Moreau,+33 7 36 96 72 65,Marseille,13001,FR,En attente,2023-02-25,manual_onboarding_2023.xlsx,
B2B-20139-0498,Groupe Lefebvre EURL,629946806,62994680639829,FR03629946806,facturation.groupelefebvreeurl@entreprise.fr,Pierre Moreau,+33 7 55 61 45 41,Reims,51100,FR,Suspendu,2022-05-13,partner_feed_b2b.csv,
B2B-60969-0499,Maintenance Bernard EURL,955607672,95560767245643,FR56955607672,facturation.maintenancebernardeu@orange.fr,Nicolas Leroy,+33 5 71 30 31 38,Nice,06000,FR,Actif,2022-04-09,legacy_erp_export.csv,
B2B-30808-0500,Services Lambert & Fils,752553418,75255341879840,FR10752553418,facturation.serviceslambertfils@societe.com,Julie Giraud,+33 6 77 42 67 29,Toulouse,31000,FR,Actif,2022-07-08,migration_batch_12.xlsx,
B2B-85053-0501,Industrie Bernard SARL,248762307,24876230713305,FR70248762307,facturation.industriebernardsarl@laposte.net,Pierre Giraud,+33 7 80 57 32 29,Reims,51100,FR,Actif,2024-10-22,migration_batch_12.xlsx,
B2B-61616-0502,Solutions Girard EURL,220722396,22072239659630,FR95220722396,facturation.solutionsgirardeurl@orange.fr,Julie Petit,+33 4 91 87 15 18,Toulouse,31000,FR,En attente,2025-01-13,partner_feed_b2b.csv,Compte créé avant réforme facturation électronique
B2B-71160-0503,Services Dubois France,859964860,85996486016546,FR45859964860,,Sophie Petit,+33 7 48 24 87 62,Bordeaux,33000,FR,Suspendu,2022-10-29,partner_feed_b2b.csv,
B2B-95075-0504,Distribution Faure EURL,463203746,46320374660975,,facturation.distributionfaureeur@laposte.net,Sophie Fournier,+33 6 41 28 91 22,Grenoble,38000,FR,En attente,2023-08-26,manual_onboarding_2023.xlsx,Compte créé avant réforme facturation électronique
B2B-82300-0505,Équipements Simon SARL,707155343,70715534319128,FR90707155343,facturation.quipementssimonsarl@societe.com,Nicolas Durand,+33 6 90 76 57 13,Lyon,69001,FR,En attente,2025-04-14,import_crm_2024_Q1.xlsx,Email facturation manquant
B2B-73899-0506,Maintenance Blanc & Fils,680898120,68089812057653,,facturation.maintenanceblancfils@laposte.net,Pierre Robert,+33 4 21 88 59 45,Grenoble,38000,FR,Inactif,2022-11-07,partner_feed_b2b.csv,Compte créé avant réforme facturation électronique
B2B-84473-0507,Logistique Roux EURL,430120479,43012047921706,FR34430120479,facturation.logistiquerouxeurl@entreprise.fr,Marie Petit,+33 5 88 57 70 43,Saint-Étienne,42000,FR,Actif,2025-04-22,migration_batch_12.xlsx,Migration ERP en cours
B2B-87837-0508,Groupe Renault & Fils,330674587,33067458706722,FR20330674587,facturation..dupont@mail.fr,Nicolas Michel,+33 6 81 38 38 41,Strasbourg,67000,FR,En attente,2023-11-10,manual_onboarding_2023.xlsx,
B2B-41784-0509,Maintenance Laurent EURL,297150661,29715066104010,FR73297150661,facturation.maintenancelaurenteu@laposte.net,Isabelle Petit,+33 7 72 60 85 37,Bordeaux,33000,FR,Actif,2025-04-30,partner_feed_b2b.csv,
B2B-23193-0510,Services Martin SARL,110286716,11028671623274,FRXX110286716,facturation.servicesmartinsarl@gmail.com,Pierre Michel,,Bordeaux,33000,FR,Actif,2022-01-01,legacy_erp_export.csv,
B2B-61231-0511,Négoce Mercier SAS,714949812,71494981260599,FR95714949812,facturation.ngocemerciersas@societe.com,Nicolas Robert,+33 1 73 87 38 98,Lyon,69001,FR,En attente,2023-09-20,manual_onboarding_2023.xlsx,SIRET à vérifier
B2B-64784-0512,Transports Bernard SARL,345337227,34533722715429,FR89345337227,facturation.transportsbernardsar@orange.fr,Marie Fournier,+33 6 46 52 98 50,Rennes,35000,FR,En attente,2025-04-18,manual_onboarding_2023.xlsx,Client prioritaire - relance facturation
B2B-72026-0513,Transports Girard EURL,052635102,05263510265223,FR85052635102,facturation.transportsgirardeurl@entreprise.fr,François Moreau,+33 5 67 27 51 64,Marseille,13001,FR,Actif,2023-05-29,partner_feed_b2b.csv,
B2B-73818-0514,Groupe Lefebvre & Fils,520238975,52023897554771,FR32520238975,facturation.groupelefebvrefils@gmail.com,Jean Dupuis,+33 7 88 57 53 10,Marseille,13001,FR,Actif,2024-12-23,partner_feed_b2b.csv,Compte créé avant réforme facturation électronique
B2B-87396-0515,Groupe Lambert France,993607986,99360798605834,FR02993607986,facturation.groupelambertfrance@laposte.net,Isabelle Durand,+33 6 70 63 69 87,Bordeaux,33000,FR,Actif,2023-04-15,migration_batch_12.xlsx,Migration ERP en cours
B2B-61748-0516,Maintenance Dupont EURL,408303731,40830373109975,FR55408303731,facturation.maintenanceduponteur@laposte.net,Thomas Giraud,+33 1 74 91 49 86,Paris,75001,FR,Actif,2024-03-07,migration_batch_12.xlsx,Doublon suspecté
B2B-33230-0517,Transports Moreau SAS,830615374,83061537498226,FR39830615374,facturation.transportsmoreausas@laposte.net,Pierre Dupuis,+33 7 63 30 64 36,Saint-Étienne,42000,FR,Suspendu,2022-05-21,import_crm_2024_Q1.xlsx,
B2B-25917-0518,Logistique Dubois France,031421756,03142175670070,FR01031421756,facturation.logistiqueduboisfran@entreprise.fr,Thomas Petit,,Le Havre,76600,FR,Actif,2022-05-10,legacy_erp_export.csv,
B2B-54839-0519,Maintenance Perrin SARL,288375053,28837505367163,FR19288375053,facturation.maintenanceperrinsar@entreprise.fr,Sophie Robert,+33 7 85 99 18 39,Reims,51100,FR,Actif,2023-02-12,import_crm_2024_Q1.xlsx,
B2B-69363-0520,Transports Blanc France,309505568,30950556811170,FR27309505568,facturation.transportsblancfranc@orange.fr,Marie Bonnet,+33 6 85 27 70 73,Bordeaux,33000,FR,Suspendu,2023-10-12,legacy_erp_export.csv,Migration ERP en cours
B2B-80396-0521,Maintenance Laurent SA,640104240,64010424054005,FR46640104240,facturation.maintenancelaurentsa@gmail.com,Thomas Leroy,+33 7 48 62 12 13,Nantes,44000,FR,Actif,2024-01-13,import_crm_2024_Q1.xlsx,
B2B-44629-0522,Industrie Martin SA,551293918,55129391899697,FR47551293918,,Thomas Petit,+33 5 80 94 48 22,Nice,06000,FR,Actif,2022-04-17,legacy_erp_export.csv,
B2B-22362-0523,Équipements Moreau SA,901707568,90170756877444,,facturation.quipementsmoreausa@societe.com,Sophie Petit,+33 6 93 82 99 23,Marseille,13001,FR,Suspendu,2024-11-09,legacy_erp_export.csv,SIRET à vérifier
B2B-10692-0524,Maintenance Lefebvre SASU,849378308,84937830850913,FR32849378308,facturation.maintenancelefebvres@orange.fr,Thomas Michel,+33 7 85 62 84 46,Montpellier,34000,FR,Actif,2022-08-23,partner_feed_b2b.csv,Client prioritaire - relance facturation
B2B-43152-0525,Industrie Roux & Fils,292913205,29291320595846,FR40292913205,facturation.industrierouxfils@gmail.com,,+33 6 45 24 83 10,Paris,75001,FR,Actif,2022-10-29,import_crm_2024_Q1.xlsx,Doublon suspecté
B2B-52613-0526,Maintenance Garnier SAS,668473235,66847323587275,,facturation.maintenancegarniersa@orange.fr,Catherine Fournier,+33 9 16 42 10 65,Le Havre,76600,FR,Inactif,2022-08-15,manual_onboarding_2023.xlsx,
B2B-47151-0527,Distribution Garnier SA,426078193,42607819329401,FR19426078193,,Sophie Lemaire,+33 9 59 44 30 71,Montpellier,34000,FR,En attente,2024-11-09,legacy_erp_export.csv,
B2B-45084-0528,Transports Bernard SASU,584148462,14040,,facturation.transportsbernardsas@orange.fr,Nicolas Michel,+33 4 90 73 77 10,Saint-Étienne,42000,FR,Inactif,2023-02-01,legacy_erp_export.csv,
B2B-50152-0529,Négoce Garnier SARL,644936996,64493699661846,FR15644936996,facturation.ngocegarniersarl@societe.com,,+33 7 55 70 40 78,Strasbourg,67000,FR,Actif,2023-04-19,partner_feed_b2b.csv,
B2B-36864-0530,Industrie Lefebvre SAS,768118724,76811872412695,FR31768118724,facturation.societe,Nicolas Durand,+33 9 25 45 92 85,Nantes,44000,FR,En attente,2025-01-04,legacy_erp_export.csv,
B2B-72391-0531,Logistique Bernard SASU,482073654,48207365430058,FR56482073654,facturation.logistiquebernardsas@societe.com,Nicolas Durand,+33 7 55 67 81 99,Rennes,35000,FR,Actif,2023-04-25,import_crm_2024_Q1.xlsx,
B2B-35671-0532,Négoce Laurent SARL,332470730,,FR02332470730,facturation.ngocelaurentsarl@orange.fr,,+33 5 97 65 29 98,Lyon,69001,FR,Suspendu,2024-05-10,import_crm_2024_Q1.xlsx,
B2B-30648-0533,Groupe Dubois & Fils,312616327,31261632788754,FR31312616327,facturation.groupeduboisfils@societe.com,Anne Bonnet,+33 9 30 86 78 94,Lille,59000,FR,Actif,2023-03-15,import_crm_2024_Q1.xlsx,Client prioritaire - relance facturation
B2B-63191-0534,Transports Roux & Fils,468719127,46871912769932,FR94468719127,facturation.transportsrouxfils@gmail.com,Thomas Fournier,+33 6 16 76 33 78,Grenoble,38000,FR,Actif,2023-05-10,migration_batch_12.xlsx,Compte créé avant réforme facturation électronique
B2B-20953-0535,Services Simon SARL,588144582,,FR72588144582,facturation.servicessimonsarl@orange.fr,Pierre Richard,+33 1 76 28 89 66,Strasbourg,67000,FR,Actif,2023-11-23,import_crm_2024_Q1.xlsx,
B2B-11511-0536,Logistique Lefebvre EURL,000152916,00015291612879,FR47000152916,facturation.logistiquelefebvreeu@entreprise.fr,Thomas Dupuis,+33 6 29 55 50 58,Reims,51100,FR,En attente,2022-10-30,migration_batch_12.xlsx,Compte créé avant réforme facturation électronique
B2B-72492-0537,Négoce Martin SA,478122485,47812248561456,FR46478122485,facturation.ngocemartinsa@gmail.com,Thomas Moreau,+33 6 86 16 10 94,Strasbourg,67000,FR,En attente,2022-11-04,partner_feed_b2b.csv,SIRET à vérifier
B2B-83793-0538,Solutions Martin SA,136248353,13624835322313,FR69136248353,facturation.solutionsmartinsa@societe.com,Philippe Lemaire,+33 6 90 70 16 62,Nice,06000,FR,Actif,2024-12-12,legacy_erp_export.csv,
B2B-18456-0539,Équipements Dubois & Fils,040164810,04016481034289,FR72040164810,facturation.quipementsduboisfils@laposte.net,François Robert,+33 7 73 41 76 34,Paris,75001,FR,Actif,2022-10-17,partner_feed_b2b.csv,Migration ERP en cours
B2B-32396-0540,Maintenance Laurent SA,894642037,89464203795057,FR46894642037,facturation.maintenancelaurentsa@societe.com,Philippe Richard,+33 7 20 69 15 59,Grenoble,38000,FR,Actif,2023-01-18,partner_feed_b2b.csv,Client prioritaire - relance facturation
B2B-98572-0541,Distribution Faure SA,558243013,55824301336672,FR92558243013,facturation.distributionfauresa@laposte.net,Thomas Bonnet,+33 1 38 23 57 40,Strasbourg,67000,FR,Inactif,2022-05-07,manual_onboarding_2023.xlsx,
B2B-47971-0542,Équipements Girard SASU,043333534,04333353492914,FR50043333534,facturation.quipementsgirardsasu@gmail.com,Philippe Lemaire,,Nantes,44000,FR,Actif,2025-04-30,import_crm_2024_Q1.xlsx,Client prioritaire - relance facturation
B2B-74563-0543,logistique bernard france,326530605,32653060599792,FR79326530605,,Catherine Leroy,+33 1 69 74 62 80,Rennes,35000,FR,En attente,2022-08-07,manual_onboarding_2023.xlsx,SIRET à vérifier
B2B-24681-0544,distribution renault sa,829803653,82980365337178,FR61829803653,facturation.distributionrenaults@societe.com,Marie Lemaire,+33 1 89 97 37 60,Grenoble,38000,FR,En attente,2025-03-23,manual_onboarding_2023.xlsx,
B2B-80677-0545,Négoce Laurent France,433687502,43368750225520,FR63433687502,facturation@,Julie Robert,+33 4 19 40 67 45,Strasbourg,67000,FR,En attente,2025-01-02,partner_feed_b2b.csv,
B2B-58081-0546,Équipements Moreau SARL,053766600,05376660016880,FR64053766600,facturation.quipementsmoreausarl@entreprise.fr,Jean Durand,+33 1 76 36 56 59,Grenoble,38000,FR,Actif,2023-10-19,legacy_erp_export.csv,
B2B-33004-0547,Distribution Lambert SAS,911718225,91171822586474,FR00911718225,facturation.distributionlamberts@laposte.net,Isabelle Leroy,+33 7 75 80 33 65,Nice,06000,FR,En attente,2023-06-25,manual_onboarding_2023.xlsx,
B2B-25181-0548,Groupe Roux EURL,348087358,34808735887439,FR348087358,facturation.grouperouxeurl@societe.com,Julie Giraud,+33 6 37 39 92 57,Le Havre,76600,FR,Actif,2024-11-05,manual_onboarding_2023.xlsx,
B2B-47925-0549,Maintenance Perrin France,492074929,49207492975066,FR35492074929,facturation.maintenanceperrinfra@entreprise.fr,François Michel,+33 9 21 76 47 28,Rennes,35000,FR,Actif,2023-08-26,import_crm_2024_Q1.xlsx,Compte créé avant réforme facturation électronique
B2B-50579-0550,Groupe Laurent France,993231230,99323123052980,FR75993231230,facturation.groupelaurentfrance@societe.com,Thomas Durand,+33 6 81 70 29 60,Strasbourg,67000,FR,Actif,2023-09-26,migration_batch_12.xlsx,Client prioritaire - relance facturation
B2B-78156-0551,Équipements Dupont France,935953825,93595382537316,,facturation.quipementsdupontfran@gmail.com,Isabelle Moreau,+33 1 28 98 82 88,Le Havre,76600,FR,En attente,2022-10-28,partner_feed_b2b.csv,Migration ERP en cours
B2B-35171-0552,Logistique Faure SASU,019655696,01965569667033,fr24019655696,facturation.logistiquefauresasu@entreprise.fr,Anne Moreau,+33 6 37 11 81 71,Toulouse,31000,FR,Actif,2024-03-27,migration_batch_12.xlsx,
B2B-41536-0553,Services Lefebvre EURL,148465648,,FR19148465648,facturation.serviceslefebvreeurl@laposte.net,Thomas Michel,+33 1 13 31 71 38,Montpellier,34000,FR,Actif,2024-03-03,migration_batch_12.xlsx,Client prioritaire - relance facturation
B2B-19837-0554,Services Lambert & Fils,752553418,,FR10752553418,facturation@.fr,Anne Leroy,+33 1 16 18 58 77,Toulouse,31000,FR,En attente,2023-02-06,migration_batch_12.xlsx,Email facturation manquant
B2B-94157-0555,Distribution Marchand EURL,620534402,36896,FR73620534402,,Pierre Durand,+33 9 27 61 62 95,Rennes,35000,FR,Suspendu,2024-08-29,partner_feed_b2b.csv,
B2B-81393-0556,Logistique Blanc SASU,406088353,40608835356531,FRXX406088353,facturation.logistiqueblancsasu@societe.com,Marie Michel,+33 7 18 34 35 35,Nantes,44000,FR,Actif,2024-08-08,import_crm_2024_Q1.xlsx,Client prioritaire - relance facturation
B2B-31531-0557,Maintenance Roux France,119206135,11920613587770,FR78119206135,facturation.maintenancerouxfranc@laposte.net,Pierre Fournier,+33 7 58 25 34 37,Lille,59000,FR,Actif,2025-03-31,manual_onboarding_2023.xlsx,
B2B-28461-0558,Transports Roux EURL,648016446,64801644689397,FR85648016446,facturation.societe,Marie Moreau,+33 6 28 69 73 95,Toulouse,31000,FR,En attente,2025-01-03,legacy_erp_export.csv,
B2B-92348-0559,Distribution Marchand SAS,348629852,,FR66348629852,facturation.distributionmarchand@orange.fr,Thomas Richard,,Reims,51100,FR,En attente,2025-01-20,partner_feed_b2b.csv,SIRET à vérifier
B2B-99226-0560,Groupe Laurent SAS,139537678,13953767818726,,billing.groupelaurentsas@entreprise.fr,Catherine Lemaire,+33 7 40 61 76 28,Grenoble,38000,FR,Actif,2022-06-26,partner_feed_b2b.csv,Doublon suspecté
B2B-11944-0561,Logistique Dubois & Fils,587146920,58714692022834,FR21587146920,facturation.logistiqueduboisfils@gmail.com,Anne Robert,+33 7 68 86 15 81,Reims,51100,FR,En attente,2022-02-03,legacy_erp_export.csv,
B2B-14952-0562,Équipements Mercier & Fils,509386941,50938694139077,FR40509386941,facturation.quipementsmercierfil@societe.com,Isabelle Lemaire,+33 1 92 20 46 54,Marseille,13001,FR,Inactif,2022-07-07,manual_onboarding_2023.xlsx,
B2B-40838-0563,Transports Marchand SA,867673829,86767382910222,FR18867673829,facturation.transportsmarchandsa@societe.com,Marie Lemaire,+33 9 73 88 78 73,Strasbourg,67000,FR,Actif,2022-09-23,manual_onboarding_2023.xlsx,Compte créé avant réforme facturation électronique
B2B-85602-0564,Services Roux SA,370858064,37085806491160,FR15370858064,,Jean Dupuis,+33 5 59 58 89 52,Paris,75001,FR,Suspendu,2023-12-03,manual_onboarding_2023.xlsx,Migration ERP en cours
B2B-42926-0565,Solutions  Mercier  SAS,286796325,28679632532325,FR54286796325,facturation.solutionsmerciersas@orange.fr,François Giraud,+33 5 60 38 34 79,Montpellier,34000,FR,Actif,2024-12-27,manual_onboarding_2023.xlsx,Email facturation manquant
B2B-33317-0566,Industrie Blanc SASU,562926938,,FR59562926938,facturation.industrieblancsasu@laposte.net,Marie Richard,+33 1 81 60 57 56,Rennes,35000,FR,Actif,2023-10-19,partner_feed_b2b.csv,Migration ERP en cours
B2B-44302-0567,Logistique Moreau EURL,303491898,3034918986347,FR47303491898,facturation.logistiquemoreaueurl@orange.fr,Jean Richard,+33 7 84 40 44 14,Rennes,35000,FR,Actif,2023-02-19,import_crm_2024_Q1.xlsx,Client prioritaire - relance facturation
B2B-32742-0568,Maintenance Marchand France,593678130,59367813006002,FR39593678130,,Anne Michel,+33 4 99 92 23 46,Nantes,44000,FR,Actif,2025-04-26,migration_batch_12.xlsx,Email facturation manquant
B2B-83595-0569,Industrie Dubois SASU,092704523,09270452345654,FR31092704523,facturation.industrieduboissasu@entreprise.fr,Pierre Robert,+33 9 63 17 51 84,Lille,59000,FR,Inactif,2023-11-23,migration_batch_12.xlsx,Doublon suspecté
B2B-97728-0570,Groupe Simon SASU,485965596,48596559639916,,facturation.groupesimonsasu@societe.com,Marie Petit,+33 9 52 13 27 10,Marseille,13001,FR,Actif,2022-05-29,legacy_erp_export.csv,
B2B-94233-0571,Distribution Martin SASU,155130559,15513055983023,FR45155130559,facturation.distributionmartinsa@entreprise.fr,Thomas Lemaire,+33 6 46 48 46 76,Toulouse,31000,FR,Suspendu,2023-03-31,partner_feed_b2b.csv,Email facturation manquant
B2B-93535-0572,  Services Garnier SA  ,746202585,74620258509121,FR57746202585,facturation.servicesgarniersa@societe.com,,+33 1 27 34 18 26,Toulouse,31000,FR,Suspendu,2022-01-17,import_crm_2024_Q1.xlsx,Compte créé avant réforme facturation électronique
B2B-42079-0573,Transports Lambert SAS,647238752,64723875261821,FR47647238752,facturation.transportslambertsas@entreprise.fr,Thomas Lemaire,+33 7 32 33 54 71,Reims,51100,FR,Actif,2025-03-15,import_crm_2024_Q1.xlsx,Doublon suspecté
B2B-28670-0574,Maintenance Martin SASU,918768318,91876831823809,FR11918768318,facturation.maintenancemartinsas@entreprise.fr,Marie Dupuis,+33 6 68 97 37 35,Le Havre,76600,FR,Actif,2023-10-30,legacy_erp_export.csv,
B2B-30341-0575,Solutions Bernard & Fils,999362167,99936216730968,FR37999362167,facturation.solutionsbernardfils@societe.com,Thomas Robert,+33 6 51 93 56 99,Nice,06000,FR,Actif,2024-05-05,import_crm_2024_Q1.xlsx,Email facturation manquant
B2B-94489-0576,Négoce Blanc SA,773264307,77326430733278,FR06773264307,facturation.ngoceblancsa@societe.com,Catherine Bonnet,+33 1 33 67 87 84,Le Havre,76600,FR,En attente,2024-08-17,migration_batch_12.xlsx,Email facturation manquant
B2B-24747-0577,Services Laurent SARL,375298837,37529883788502,FR63375298837,facturation.serviceslaurentsarl@gmail.com,Pierre Leroy,+33 6 80 34 32 14,Reims,51100,FR,En attente,2024-10-28,migration_batch_12.xlsx,Email facturation manquant
B2B-55785-0578,Équipements Marchand SAS,788957986,78895798655933,FR56788957986,facturation.quipementsmarchandsa@orange.fr,Julie Lemaire,+33 5 95 75 55 33,Grenoble,38000,FR,Actif,2023-02-18,import_crm_2024_Q1.xlsx,Migration ERP en cours
B2B-49597-0579,LOGISTIQUE GARNIER FRANCE,361995174,36199517421365,FR15361995174,facturation.logistiquegarnierfra@orange.fr,Julie Bonnet,+33 1 12 29 92 83,Le Havre,76600,FR,Inactif,2023-07-22,migration_batch_12.xlsx,Client prioritaire - relance facturation
B2B-17430-0580,Négoce Renault SARL,930967134,93096713415095,FR08930967134,facturation.ngocerenaultsarl@orange.fr,Philippe Durand,+33 4 24 36 30 25,Rennes,35000,FR,Actif,2022-07-02,import_crm_2024_Q1.xlsx,
B2B-60145-0581,Distribution Laurent & Fils,612201900,61220190086732,FR49612201900,facturation.distributionlaurentf@societe.com,Catherine Richard,+33 6 14 47 83 34,Nantes,44000,FR,Actif,2024-12-02,import_crm_2024_Q1.xlsx,
B2B-46968-0582,services blanc france,211408680,21140868075553,FR88211408680,facturation.servicesblancfrance@laposte.net,Pierre Robert,+33 7 26 12 85 34,Paris,75001,FR,Actif,2025-03-11,migration_batch_12.xlsx,Doublon suspecté
B2B-26803-0583,Groupe Lefebvre EURL,970137126,97013712647056,FR13970137126,facturation.groupelefebvreeurl@societe.com,,+33 7 26 37 13 43,Saint-Étienne,42000,FR,Inactif,2022-09-10,manual_onboarding_2023.xlsx,
B2B-72824-0584,Transports Marchand & Fils,387402997,38740299711190,FR11387402997,facturation.transportsmarchandfi@entreprise.fr,Philippe Bonnet,+33 6 26 26 46 77,Grenoble,38000,FR,Suspendu,2022-01-16,legacy_erp_export.csv,Migration ERP en cours
B2B-14244-0585,Négoce Marchand SA,301095678,30109567840404,FR57301095678,facturation.ngocemarchandsa@societe.com,Marie Leroy,+33 7 57 46 64 32,Strasbourg,67000,FR,Actif,2022-08-15,import_crm_2024_Q1.xlsx,Compte créé avant réforme facturation électronique
B2B-17785-0586,Industrie Moreau EURL,181030681,18103068136198,FR16181030681,facturation.industriemoreaueurl@gmail.com,Catherine Robert,,Strasbourg,67000,FR,Actif,2022-05-05,partner_feed_b2b.csv,
B2B-35622-0587,Industrie Blanc SARL,806713071,,FR89806713071,facturation.industrieblancsarl@laposte.net,Thomas Michel,+33 6 61 32 24 35,Paris,75001,FR,Inactif,2024-05-29,migration_batch_12.xlsx,Migration ERP en cours
B2B-75034-0588,Négoce Faure SAS,031805333,03180533357603,FR21031805333,facturation.ngocefauresas@laposte.net,Philippe Moreau,,Le Havre,76600,FR,Inactif,2024-04-29,partner_feed_b2b.csv,
B2B-50711-0589,Distribution Marchand SARL,590110793,59011079333071,FR38590110793,facturation.distributionmarchand@gmail.com,Jean Lemaire,,Saint-Étienne,42000,FR,Suspendu,2022-05-15,manual_onboarding_2023.xlsx,
B2B-15543-0590,Distribution Lefebvre SASU,031051833,03105183336500,FR09031051833,billing.distributionlefebvre@societe.com,Anne Giraud,+33 7 92 86 73 60,Marseille,13001,FR,En attente,2023-08-23,import_crm_2024_Q1.xlsx,SIRET à vérifier
B2B-60070-0591,Négoce Girard SAS,123740773,12374077322832,,facturation.ngocegirardsas@laposte.net,Philippe Robert,+33 7 84 82 24 88,Toulouse,31000,FR,Suspendu,2022-10-13,import_crm_2024_Q1.xlsx,Client prioritaire - relance facturation
B2B-71245-0592,Transports Simon & Fils,087821166,08782116686411,FR64087821166,facturation.transportssimonfils@gmail.com,François Dupuis,+33 1 79 20 40 57,Montpellier,34000,FR,Inactif,2022-10-28,import_crm_2024_Q1.xlsx,
B2B-68255-0593,équipements faure sa,088948019,08894801970137,FR76088948019,facturation.quipementsfauresa@orange.fr,Pierre Petit,+33 7 76 75 39 83,Nice,06000,FR,Actif,2025-01-11,import_crm_2024_Q1.xlsx,SIRET à vérifier
B2B-72168-0594,Groupe Faure SARL,571236916,57123691684928,FR23571236916,facturation.groupefauresarl@gmail.com,Pierre Giraud,+33 5 31 86 95 64,Reims,51100,FR,Inactif,2022-04-13,manual_onboarding_2023.xlsx,
B2B-87180-0595,Solutions Perrin SARL,531419615,53141961572331,FR31531419615,facturation.solutionsperrinsarl@orange.fr,Pierre Fournier,+33 6 52 58 55 23,Bordeaux,33000,FR,Actif,2022-04-03,migration_batch_12.xlsx,SIRET à vérifier
B2B-93840-0596,Maintenance Dupont SA,496683497,67069,FR38496683497,facturation.maintenancedupontsa@laposte.net,Pierre Petit,+33 6 81 53 23 59,Bordeaux,33000,FR,En attente,2025-01-24,legacy_erp_export.csv,
B2B-75867-0597,Négoce Martin EURL,934868831,,FR12934868831,facturation@,Catherine Robert,+33 9 87 83 18 64,Marseille,13001,FR,Suspendu,2023-05-24,manual_onboarding_2023.xlsx,
B2B-36813-0598,Services  Roux  SARL,613376051,61337605133359,FR44613376051,facturation.servicesrouxsarl@laposte.net,Thomas Giraud,+33 7 99 12 31 56,Saint-Étienne,42000,FR,Suspendu,2022-03-06,legacy_erp_export.csv,Migration ERP en cours
B2B-45861-0599,Équipements Perrin SAS,133890832,13389083293850,FR67133890832,facturation.quipementsperrinsas@societe.com,Philippe Moreau,,Bordeaux,33000,FR,Actif,2024-03-31,partner_feed_b2b.csv,Compte créé avant réforme facturation électronique
B2B-29065-0600,Industrie Blanc SASU,141746813,14174681351710,FR17141746813,facturation.industrieblancsasu@entreprise.fr,Nicolas Giraud,+33 6 99 84 60 99,Marseille,13001,FR,Actif,2023-11-02,manual_onboarding_2023.xlsx,Migration ERP en cours
B2B-51098-0601,Distribution Garnier SAS,011929201,01192920150002,FR47011929201,facturation.distributiongarniers@gmail.com,Isabelle Petit,+33 6 64 97 17 39,Grenoble,38000,FR,Inactif,2022-09-15,import_crm_2024_Q1.xlsx,Compte créé avant réforme facturation électronique
B2B-85925-0602,Transports Dupont SASU,455906706,45590670685370,FR51455906706,facturation.transportsdupontsasu@societe.com,Nicolas Robert,+33 7 32 16 47 58,Montpellier,34000,FR,Inactif,2024-10-15,partner_feed_b2b.csv,
B2B-52844-0603,Distribution Marchand SA,642045658,64204565803825,FR32642045658,facturation.distributionmarchand@societe.com,Catherine Michel,+33 4 34 74 87 13,Lille,59000,FR,Actif,2023-01-13,partner_feed_b2b.csv,Doublon suspecté
B2B-47904-0604,Transports Dupont & Fils,016599539,01659953988508,FR90016599539,facturation.transportsdupontfils@entreprise.fr,Pierre Robert,+33 6 47 33 67 64,Saint-Étienne,42000,FR,Actif,2024-03-10,import_crm_2024_Q1.xlsx,
B2B-20363-0605,Équipements Faure SARL,241158484,24115848499679,INVALID,facturation.quipementsfauresarl@societe.com,Jean Petit,+33 7 71 73 81 26,Paris,75001,FR,Actif,2023-07-14,partner_feed_b2b.csv,
B2B-63549-0606,Industrie Dubois SA,426121207,42612120796392,FR51426121207,facturation.industrieduboissa@entreprise.fr,Isabelle Richard,+33 7 78 16 69 80,Toulouse,31000,FR,Actif,2022-09-10,migration_batch_12.xlsx,Client prioritaire - relance facturation
B2B-75989-0607,SERVICES FAURE SARL,132677361,13267736107685,FR64132677361,facturation.servicesfauresarl@laposte.net,Isabelle Michel,+33 7 42 49 93 57,Strasbourg,67000,FR,Actif,2024-07-05,manual_onboarding_2023.xlsx,Compte créé avant réforme facturation électronique
B2B-90580-0608,Groupe Simon EURL,791776337,79177633704024,,facturation.groupesimoneurl@orange.fr,Thomas Giraud,+33 6 19 70 55 11,Marseille,13001,FR,Actif,2023-06-07,manual_onboarding_2023.xlsx,Client prioritaire - relance facturation
B2B-14351-0609,Négoce Roux SA,693588244,69358824430083,FR90693588244,facturation.ngocerouxsa@laposte.net,Jean Durand,+33 1 75 18 60 66,Le Havre,76600,FR,Actif,2023-06-05,manual_onboarding_2023.xlsx,Migration ERP en cours
B2B-44326-0610,Négoce Lefebvre EURL,608385176,72413,FR48608385176,facturation.ngocelefebvreeurl@gmail.com,Jean Dupuis,+33 5 40 92 86 25,Grenoble,38000,FR,En attente,2025-03-09,migration_batch_12.xlsx,SIRET à vérifier
B2B-86850-0611,Négoce Laurent France,882904570,88290457013717,FR03882904570,facturation.ngocelaurentfrance@laposte.net,Catherine Dupuis,+33 7 39 14 21 86,Bordeaux,33000,FR,En attente,2023-04-09,migration_batch_12.xlsx,Email facturation manquant
B2B-31329-0612,distribution dupont eurl,833912181,20593,,facturation.distributionduponteu@societe.com,Sophie Robert,+33 6 83 81 37 31,Saint-Étienne,42000,FR,Suspendu,2024-12-05,partner_feed_b2b.csv,Email facturation manquant
B2B-66881-0613,Maintenance Moreau SARL,610089876,61008987610959,FR17610089876,facturation.maintenancemoreausar@laposte.net,Sophie Leroy,+33 6 46 17 40 80,Lille,59000,FR,Inactif,2023-07-20,partner_feed_b2b.csv,Compte créé avant réforme facturation électronique
B2B-94084-0614,Transports Dupont SAS,235469514,23546951402215,FR40235469514,facturation.transportsdupontsas@entreprise.fr,Philippe Robert,+33 7 52 85 58 66,Grenoble,38000,FR,Inactif,2024-05-14,manual_onboarding_2023.xlsx,
B2B-19676-0615,Transports Marchand SASU,065411346,06541134613182,FR43065411346,facturation.transportsmarchandsa@entreprise.fr,Anne Bonnet,+33 7 15 76 88 11,Nantes,44000,FR,Inactif,2024-12-30,migration_batch_12.xlsx,SIRET à vérifier
B2B-30880-0616,Équipements Lambert SASU,697083860,69708386083267,FR74697083860,facturation.quipementslambertsas@societe.com,Marie Fournier,+33 7 88 19 56 13,Saint-Étienne,42000,FR,Inactif,2022-02-17,migration_batch_12.xlsx,Client prioritaire - relance facturation
B2B-26581-0617,Équipements Simon EURL,012657895,01265789539678,FR40012657895,facturation.quipementssimoneurl@gmail.com,Thomas Durand,+33 5 27 19 69 56,Paris,75001,FR,Suspendu,2022-10-10,partner_feed_b2b.csv,Migration ERP en cours
B2B-60475-0618,Groupe Lefebvre EURL,629946806,62994680639829,FR03629946806,facturation.groupelefebvreeurl@orange.fr,Marie Petit,+33 6 45 21 87 85,Reims,51100,FR,Actif,2024-07-09,import_crm_2024_Q1.xlsx,Migration ERP en cours
B2B-58030-0619,Transports Blanc EURL,421854577,42185457766295,,facturation.transportsblanceurl@orange.fr,Jean Bonnet,+33 7 73 10 83 12,Reims,51100,FR,Actif,2022-04-19,partner_feed_b2b.csv,
B2B-37691-0620,Solutions Girard SARL,247282890,24728289011660,FR54247282890,facturation.solutionsgirardsarl@entreprise.fr,Thomas Dupuis,+33 4 30 98 43 67,Paris,75001,FR,Actif,2022-01-13,partner_feed_b2b.csv,
B2B-17722-0621,Négoce Simon France,580119508,58011950814314,FR56580119508,,Isabelle Robert,+33 6 56 39 66 16,Bordeaux,33000,FR,Suspendu,2022-01-31,import_crm_2024_Q1.xlsx,Email facturation manquant
B2B-43610-0622,Services Dubois EURL,189485434,18948543477738,FR36189485434,facturation.servicesduboiseurl@societe.com,Anne Richard,+33 9 54 26 86 42,Strasbourg,67000,FR,Suspendu,2024-11-20,legacy_erp_export.csv,Email facturation manquant
B2B-36500-0623,Transports Laurent SA,481310454,48131045473594,FR44481310454,facturation.transportslaurentsa@societe.com,Philippe Richard,+33 1 69 47 37 56,Reims,51100,FR,En attente,2022-05-04,partner_feed_b2b.csv,Migration ERP en cours
B2B-81522-0624,Groupe Mercier SASU,606739832,60673983225589,FR55606739832,facturation.groupemerciersasu@societe.com,Nicolas Robert,+33 6 58 90 48 61,Lille,59000,FR,Suspendu,2022-04-13,partner_feed_b2b.csv,Doublon suspecté
B2B-68849-0625,négoce simon & fils,955156230,95515623001275,FR44955156230,facturation.ngocesimonfils@societe.com,Jean Giraud,+33 5 23 15 73 90,Le Havre,76600,FR,Actif,2024-08-05,migration_batch_12.xlsx,SIRET à vérifier
B2B-22419-0626,Services Simon & Fils,902547604,90254760453231,FR53902547604,facturation.servicessimonfils@societe.com,Isabelle Richard,+33 7 99 20 97 32,Paris,75001,FR,En attente,2024-01-02,import_crm_2024_Q1.xlsx,
B2B-30697-0627,Solutions Girard EURL,601515325,60151532580954,FR85601515325,facturation.solutionsgirardeurl@laposte.net,Jean Fournier,+33 7 22 66 34 26,Montpellier,34000,FR,Actif,2023-04-18,import_crm_2024_Q1.xlsx,
B2B-11274-0628,Logistique Dupont SA,649340398,64934039816522,FR82649340398,facturation.logistiquedupontsa@gmail.com,Sophie Moreau,+33 7 18 19 79 48,Nantes,44000,FR,Actif,2025-01-22,manual_onboarding_2023.xlsx,Doublon suspecté
B2B-41933-0629,Transports Martin EURL,595205618,59520561874631,FR29595205618,facturation.transportsmartineurl@societe.com,Jean Dupuis,+33 7 80 17 19 79,Bordeaux,33000,FR,En attente,2023-07-01,legacy_erp_export.csv,Client prioritaire - relance facturation
B2B-96797-0630,Transports Faure EURL,394495303,39449530349411,FR76394495303,facturation.transportsfaureeurl@orange.fr,Isabelle Leroy,+33 6 91 54 11 19,Bordeaux,33000,FR,Inactif,2025-01-05,manual_onboarding_2023.xlsx,
B2B-86298-0631,Logistique Bernard SARL,029233455,,FR58029233455,facturation.logistiquebernardsar@societe.com,Jean Dupuis,+33 9 96 15 55 41,Grenoble,38000,FR,Actif,2022-08-27,import_crm_2024_Q1.xlsx,SIRET à vérifier
B2B-61456-0632,SOLUTIONS LAMBERT FRANCE,732904577,73290457759132,FR96732904577,facturation.solutionslambertfran@laposte.net,Anne Robert,+33 7 49 31 60 15,Lille,59000,FR,Inactif,2024-01-28,manual_onboarding_2023.xlsx,Compte créé avant réforme facturation électronique
B2B-34449-0633,Distribution Moreau SARL,147709209,14770920945121,INVALID,facturation.distributionmoreausa@orange.fr,Sophie Lemaire,+33 1 33 34 65 99,Reims,51100,FR,Actif,2024-12-05,migration_batch_12.xlsx,Email facturation manquant
B2B-10560-0634,Industrie Lambert SA,591611866,59161186672120,FR32591611866,facturation.industrielambertsa@societe.com,Marie Lemaire,+33 7 82 69 98 70,Nantes,44000,FR,Actif,2023-04-30,partner_feed_b2b.csv,Compte créé avant réforme facturation électronique
B2B-89150-0635,Distribution Simon France,318692893,,FR34318692893,facturation.distributionsimonfra@laposte.net,Nicolas Durand,+33 4 31 71 30 10,Lille,59000,FR,Actif,2022-10-05,legacy_erp_export.csv,
B2B-43025-0636,Logistique Bernard EURL,144743286,14474328675664,FR58144743286,facturation.logistiquebernardeur@societe.com,Julie Richard,+33 4 90 11 26 14,Nantes,44000,FR,Actif,2024-06-17,partner_feed_b2b.csv,Doublon suspecté
B2B-26671-0637,Maintenance Blanc SARL,135302811,13530281133222,FR14135302811,facturation.maintenanceblancsarl@entreprise.fr,Sophie Durand,+33 1 54 86 39 66,Strasbourg,67000,FR,Actif,2022-02-16,legacy_erp_export.csv,
B2B-64488-0638,  Équipements Marchand SAS  ,788957986,788957986,FR56788957986,compta.quipementsmarchandsa@gmail.com,Catherine Michel,+33 6 30 84 77 37,Grenoble,38000,FR,Actif,2022-08-31,partner_feed_b2b.csv,Email facturation manquant
B2B-11833-0639,Distribution Martin EURL,805685665,80568566591806,FR46805685665,facturation.distributionmartineu@entreprise.fr,Pierre Petit,,Toulouse,31000,FR,Inactif,2023-02-07,manual_onboarding_2023.xlsx,Client prioritaire - relance facturation
B2B-39454-0640,Distribution Lefebvre SAS,965049622,96504962222143,FR63965049622,facturation.distributionlefebvre@entreprise.fr,Pierre Moreau,+33 1 21 47 28 42,Le Havre,76600,FR,Suspendu,2023-10-19,manual_onboarding_2023.xlsx,
B2B-23292-0641,Négoce Perrin SAS,880879913,88087991331470,FR75880879913,facturation.ngoceperrinsas@laposte.net,Julie Petit,+33 9 43 38 35 81,Montpellier,34000,FR,Actif,2024-01-19,import_crm_2024_Q1.xlsx,Doublon suspecté
B2B-79681-0642,Logistique Garnier France,333430318,33343031869337,FR00333430318,facturation.logistiquegarnierfra@entreprise.fr,Philippe Durand,+33 7 57 69 59 98,Montpellier,34000,FR,Actif,2023-11-19,legacy_erp_export.csv,Doublon suspecté
B2B-41447-0643,Équipements Faure France,659746690,65974669056479,,facturation.quipementsfaurefranc@orange.fr,Nicolas Robert,+33 7 46 57 12 78,Lyon,69001,FR,En attente,2022-06-29,manual_onboarding_2023.xlsx,
B2B-62310-0644,Distribution Simon SARL,925596641,92559664131395,FR35925596641,facturation.distributionsimonsar@gmail.com,Catherine Michel,+33 7 85 25 44 33,Le Havre,76600,FR,En attente,2023-02-05,legacy_erp_export.csv,
B2B-64454-0645,mAIntENAnCE rOUx & FILS,145430799,14543079960017,FR86145430799,facturation.maintenancerouxfils@orange.fr,Marie Dupuis,+33 1 78 92 97 25,Reims,51100,FR,Inactif,2023-12-01,legacy_erp_export.csv,Client prioritaire - relance facturation
B2B-68288-0646,INDUSTRIE LEFEBVRE EURL,772966569,,FR65772966569,facturation.industrielefebvreeur@laposte.net,Jean Dupuis,+33 5 29 66 78 18,Paris,75001,FR,Inactif,2022-12-31,legacy_erp_export.csv,
B2B-50525-0647,Groupe Roux SASU,257316096,25731609616176,FR87257316096,facturation.grouperouxsasu@orange.fr,Philippe Giraud,+33 1 73 31 14 35,Grenoble,38000,FR,Suspendu,2022-02-24,migration_batch_12.xlsx,
B2B-85446-0648,Industrie Laurent SAS,735259535,73525953583877,FR72735259535,facturation.industrielaurentsas@entreprise.fr,Sophie Lemaire,+33 4 10 46 56 70,Marseille,13001,FR,Inactif,2024-05-24,import_crm_2024_Q1.xlsx,Compte créé avant réforme facturation électronique
B2B-55876-0649,Équipements Simon EURL,076108706,07610870665252,FR61076108706,facturation@.fr,Thomas Robert,+33 4 58 14 22 11,Rennes,35000,FR,En attente,2025-02-21,legacy_erp_export.csv,
B2B-74617-0650,Distribution Girard SAS,648467351,64846735127501,FR38648467351,facturation.distributiongirardsa@orange.fr,Julie Robert,+33 6 75 12 91 23,Marseille,13001,FR,En attente,2022-11-12,legacy_erp_export.csv,
B2B-56365-0651,Transports Faure SAS,606295357,60629535783287,FR89606295357,facturation.societe,,+33 1 78 17 44 60,Le Havre,76600,FR,En attente,2023-09-17,import_crm_2024_Q1.xlsx,Compte créé avant réforme facturation électronique
B2B-52461-0652,Équipements Mercier & Fils,201362603,,FR48201362603,facturation.quipementsmercierfil@societe.com,Julie Fournier,+33 9 18 50 45 70,Strasbourg,67000,FR,Actif,2022-06-27,partner_feed_b2b.csv,Migration ERP en cours
B2B-19439-0653,Logistique Faure SASU,195564097,,FR25195564097,facturation.logistiquefauresasu@laposte.net,Catherine Giraud,+33 6 17 71 10 27,Toulouse,31000,FR,Inactif,2022-07-16,legacy_erp_export.csv,
B2B-29617-0654,Distribution Lambert SASU,413936969,41393696959494,FR41413936969,facturation..dupont@mail.fr,Jean Bonnet,+33 9 37 19 31 64,Montpellier,34000,FR,Inactif,2022-02-27,partner_feed_b2b.csv,Doublon suspecté
B2B-85599-0655,industrie mercier sas,889786532,88978653278986,FR21889786532,facturation.industriemerciersas@gmail.com,François Moreau,+33 6 13 75 96 84,Lyon,69001,FR,Actif,2024-09-22,partner_feed_b2b.csv,Migration ERP en cours
B2B-47065-0656,Maintenance Lambert EURL,974700027,97470002740130,FR76974700027,facturation.maintenancelamberteu@laposte.net,Thomas Dupuis,+33 9 61 48 83 67,Strasbourg,67000,FR,Actif,2024-05-23,import_crm_2024_Q1.xlsx,Migration ERP en cours
B2B-53335-0657,Industrie  Martin  SASU,006355375,00635537550609,FR11006355375,facturation.industriemartinsasu@laposte.net,Anne Moreau,+33 9 66 20 24 91,Grenoble,38000,FR,En attente,2024-08-12,import_crm_2024_Q1.xlsx,
B2B-58235-0658,Maintenance Mercier SAS,512827639,51282763941158,FR73512827639,facturation.maintenancemerciersa@societe.com,Nicolas Giraud,+33 5 88 60 54 46,Lyon,69001,FR,Actif,2023-03-30,manual_onboarding_2023.xlsx,Migration ERP en cours
B2B-19567-0659,trANsPOrTS LAMbeRT fraNCe,624731780,62473178012833,FR55624731780,facturation.transportslambertfra@societe.com,Marie Moreau,+33 6 87 41 43 45,Paris,75001,FR,Actif,2024-04-25,manual_onboarding_2023.xlsx,Doublon suspecté
B2B-71946-0660,Groupe Perrin France,922030045,50004,fr26922030045,facturation.groupeperrinfrance@gmail.com,Pierre Lemaire,+33 1 13 28 55 23,Nice,06000,FR,Suspendu,2024-03-13,legacy_erp_export.csv,Doublon suspecté
B2B-86329-0661,Industrie Bernard SA,570861992,,FR63570861992,facturation.industriebernardsa@societe.com,Nicolas Richard,+33 7 60 59 38 20,Grenoble,38000,FR,Actif,2024-04-14,legacy_erp_export.csv,
B2B-14389-0662,Industrie Moreau SARL,334742462,33474246230407,FR75334742462,facturation.industriemoreausarl@entreprise.fr,Julie Bonnet,+33 7 79 13 14 80,Nice,06000,FR,Actif,2024-02-21,migration_batch_12.xlsx,
B2B-30052-0663,Transports Mercier SAS,177417432,17741743241751,FR19177417432,facturation.transportsmerciersas@gmail.com,Pierre Richard,+33 7 16 30 30 81,Le Havre,76600,FR,Actif,2023-02-12,legacy_erp_export.csv,
B2B-78198-0664,Maintenance Moreau SAS,293020258,29302025801305,FR32293020258,facturation.maintenancemoreausas@orange.fr,Jean Richard,+33 7 69 66 18 98,Toulouse,31000,FR,Inactif,2023-12-13,manual_onboarding_2023.xlsx,Client prioritaire - relance facturation
B2B-17427-0665,Négoce Lambert France,245301230,24530123063915,FR10245301230,facturation.ngocelambertfrance@orange.fr,Sophie Durand,+33 6 15 26 79 47,Nice,06000,FR,Actif,2022-07-06,partner_feed_b2b.csv,
B2B-31418-0666,Logistique Marchand SAS,163287082,16328708232662,FR06163287082,facturation.logistiquemarchandsa@orange.fr,Nicolas Durand,+33 1 66 62 43 94,Reims,51100,FR,Actif,2023-06-18,partner_feed_b2b.csv,
B2B-91565-0667,Équipements Marchand SAS,924065833,,FR76924065833,facturation.quipementsmarchandsa@entreprise.fr,François Robert,+33 6 33 29 50 86,Reims,51100,FR,Suspendu,2023-06-06,migration_batch_12.xlsx,
B2B-42427-0668,Services Roux France,053315866,053315866,FR4205331,facturation.servicesrouxfrance@orange.fr,François Richard,+33 6 33 22 26 20,Marseille,13001,FR,Suspendu,2022-04-13,import_crm_2024_Q1.xlsx,Email facturation manquant
B2B-16485-0669,Négoce Girard & Fils,740392515,23357,FR68740392515,facturation.ngocegirardfils@societe.com,Isabelle Lemaire,+33 1 73 23 32 32,Nantes,44000,FR,Actif,2022-02-13,manual_onboarding_2023.xlsx,Migration ERP en cours
B2B-29615-0670,Maintenance Lefebvre SAS,216265495,21626549596461,FR66216265495,facturation.maintenancelefebvres@gmail.com,Julie Giraud,+33 4 47 47 48 66,Grenoble,38000,FR,Actif,2022-01-25,manual_onboarding_2023.xlsx,Email facturation manquant
B2B-12727-0671,Négoce Blanc SAS,205968513,20596851389374,FR31205968513,facturation.ngoceblancsas@entreprise.fr,Catherine Michel,+33 4 60 64 91 94,Reims,51100,FR,Inactif,2024-08-29,manual_onboarding_2023.xlsx,
B2B-30973-0672,Équipements Bernard SAS,592061654,,FR29592061654,facturation.quipementsbernardsas@orange.fr,Jean Dupuis,+33 6 29 85 46 24,Reims,51100,FR,Actif,2023-10-09,migration_batch_12.xlsx,SIRET à vérifier
B2B-40486-0673,SERvIcEs MarTIN EURL,637262949,63726294909,FR48637262949,facturation.servicesmartineurl@laposte.net,François Michel,+33 1 92 95 80 53,Strasbourg,67000,FR,Actif,2022-01-18,import_crm_2024_Q1.xlsx,
B2B-79578-0674,Services Dupont SARL,548806442,54880644250890,FR23548806442,facturation.servicesdupontsarl@orange.fr,Anne Giraud,+33 9 66 91 77 71,Reims,51100,FR,Inactif,2023-09-29,import_crm_2024_Q1.xlsx,SIRET à vérifier
B2B-26947-0675,Services Bernard SAS,342192629,34219262902242,fr30342192629,facturation.servicesbernardsas@laposte.net,Julie Petit,+33 6 88 42 78 37,Marseille,13001,FR,Suspendu,2022-08-18,import_crm_2024_Q1.xlsx,Email facturation manquant
B2B-90608-0676,Négoce Dubois SARL,726999940,72699994021087,FR34726999940,facturation.ngoceduboissarl@societe.com,Julie Richard,+33 6 17 38 65 64,Montpellier,34000,FR,Actif,2022-11-27,migration_batch_12.xlsx,Doublon suspecté
B2B-35348-0677,  Services Girard SAS  ,863105050,86310505069397,FR72863105050,facturation.servicesgirardsas@orange.fr,Thomas Lemaire,+33 7 80 98 30 63,Saint-Étienne,42000,FR,En attente,2024-06-04,legacy_erp_export.csv,Email facturation manquant
B2B-67166-0678,Industrie Lefebvre France,332838960,33283896053413,FR56332838960,facturation.industrielefebvrefra@gmail.com,Thomas Leroy,+33 9 32 60 68 23,Bordeaux,33000,FR,Suspendu,2024-11-01,legacy_erp_export.csv,Client prioritaire - relance facturation
B2B-39571-0679,Groupe Lefebvre EURL,629946806,62994680639829,,facturation.groupelefebvreeurl@orange.fr,Marie Dupuis,+33 6 54 33 69 86,Reims,51100,FR,Inactif,2022-07-14,import_crm_2024_Q1.xlsx,SIRET à vérifier
B2B-92463-0680,Industrie Bernard SASU,592088145,59208814561222,FR59592088145,facturation.industriebernardsasu@societe.com,Catherine Moreau,+33 6 55 85 63 84,Marseille,13001,FR,Suspendu,2022-02-04,legacy_erp_export.csv,SIRET à vérifier
B2B-59397-0681,Logistique Laurent SA,568629597,56862959726757,FR49568629597,facturation.logistiquelaurentsa@laposte.net,Anne Giraud,+33 6 53 51 38 87,Bordeaux,33000,FR,En attente,2022-02-16,partner_feed_b2b.csv,Migration ERP en cours
B2B-92234-0682,Distribution Faure EURL,729669417,72966941773719,FR48729669417,facturation.distributionfaureeur@gmail.com,Thomas Bonnet,+33 7 42 81 55 97,Paris,75001,FR,En attente,2023-09-12,import_crm_2024_Q1.xlsx,SIRET à vérifier
B2B-70560-0683,Équipements Lambert SARL,347853691,34785369138399,FR68347853691,facturation.quipementslambertsar@societe.com,Thomas Durand,+33 7 11 87 31 94,Strasbourg,67000,FR,Actif,2022-12-02,partner_feed_b2b.csv,
B2B-70120-0684,Équipements Simon SA,066489001,06648900133117,FR95066489001,,Thomas Petit,+33 1 81 79 83 81,Lille,59000,FR,Actif,2024-08-28,manual_onboarding_2023.xlsx,
B2B-82526-0685,Services Martin SASU,805009780,80500978069615,FR79805009780,facturation.servicesmartinsasu@entreprise.fr,Sophie Durand,+33 7 57 11 16 10,Lyon,69001,FR,En attente,2023-12-30,legacy_erp_export.csv,
B2B-56849-0686,Équipements Mercier EURL,641849373,64184937374643,FR64641849373,facturation.quipementsmerciereur@gmail.com,,+33 1 93 25 77 70,Bordeaux,33000,FR,Actif,2022-09-09,import_crm_2024_Q1.xlsx,Client prioritaire - relance facturation
B2B-45570-0687,Distribution Girard & Fils,444299064,44429906455304,FR28444299064,facturation.distributiongirardfi@societe.com,Philippe Leroy,+33 6 58 28 26 24,Nantes,44000,FR,Actif,2023-01-13,legacy_erp_export.csv,
B2B-89821-0688,Distribution Mercier EURL,053347047,05334704750960,FR77053347047,facturation.distributionmerciere@laposte.net,Thomas Michel,+33 5 57 86 38 86,Saint-Étienne,42000,FR,Inactif,2022-06-17,legacy_erp_export.csv,Migration ERP en cours
B2B-53649-0689,Maintenance Laurent & Fils,531290030,53129003011980,FR52531290030,facturation.maintenancelaurentfi@gmail.com,Julie Fournier,+33 6 91 69 73 30,Marseille,13001,FR,Suspendu,2023-10-20,migration_batch_12.xlsx,Doublon suspecté
B2B-32409-0690,Maintenance Moreau SASU,294252512,,FR27294252512,facturation @entreprise.fr,Anne Petit,+33 6 53 16 77 91,Nantes,44000,FR,Actif,2023-03-16,manual_onboarding_2023.xlsx,
B2B-49002-0691,Groupe Marchand SAS,784171592,78417159237930,FR75784171592,facturation.groupemarchandsas@societe.com,Sophie Durand,+33 7 75 78 13 38,Nice,06000,FR,Suspendu,2024-12-03,migration_batch_12.xlsx,
B2B-65983-0692,Solutions Simon EURL,087882812,08788281262287,fr23087882812,facturation.solutionssimoneurl@orange.fr,Jean Michel,+33 9 33 50 97 18,Lille,59000,FR,Suspendu,2023-04-09,partner_feed_b2b.csv,Compte créé avant réforme facturation électronique
B2B-16553-0693,Groupe Girard France,189156735,18915673565085,FR41189156735,facturation.groupegirardfrance@gmail.com,Julie Fournier,+33 7 30 85 60 85,Strasbourg,67000,FR,Actif,2024-02-10,partner_feed_b2b.csv,Migration ERP en cours
B2B-54755-0694,Transports Lambert SASU,099990013,09999001344601,FR73099990013,facturation.transportslambertsas@entreprise.fr,Sophie Bonnet,+33 6 97 53 30 22,Lille,59000,FR,Actif,2024-03-09,manual_onboarding_2023.xlsx,Compte créé avant réforme facturation électronique
B2B-77725-0695,Équipements Garnier France,499795726,49979572664261,fr87499795726,facturation.quipementsgarnierfra@laposte.net,François Lemaire,+33 6 76 24 85 16,Reims,51100,FR,Suspendu,2022-06-01,legacy_erp_export.csv,Migration ERP en cours
B2B-79313-0696,Groupe  Simon  SASU,145868503,14586850315118,FR12145868503,facturation.groupesimonsasu@orange.fr,François Bonnet,+33 9 20 69 11 52,Nice,06000,FR,Actif,2024-05-21,partner_feed_b2b.csv,
B2B-78560-0697,Équipements Dubois SA,681123036,68112303656939,FR03681123036,,Marie Petit,+33 7 78 20 45 53,Reims,51100,FR,Suspendu,2025-03-19,legacy_erp_export.csv,
B2B-68365-0698,Maintenance Lefebvre SAS,790552865,79055286548977,FR71790552865,,François Dupuis,+33 6 69 11 95 50,Le Havre,76600,FR,En attente,2022-06-13,import_crm_2024_Q1.xlsx,Client prioritaire - relance facturation
B2B-79813-0699,Industrie Perrin SARL,297425517,29742551707742,FR44297425517,facturation.industrieperrinsarl@societe.com,Isabelle Giraud,+33 1 15 46 51 17,Rennes,35000,FR,Suspendu,2024-12-23,partner_feed_b2b.csv,Client prioritaire - relance facturation
B2B-59691-0700,Maintenance Roux SAS,627135892,62713589231718,FR53627135892,facturation.maintenancerouxsas@societe.com,Jean Lemaire,+33 7 79 51 65 21,Nantes,44000,FR,Inactif,2023-05-06,migration_batch_12.xlsx,Email facturation manquant
B2B-84461-0701,Maintenance Martin & Fils,255116430,25511643066592,FR96255116430,facturation.maintenancemartinfil@orange.fr,Catherine Fournier,+33 6 30 79 86 63,Marseille,13001,FR,Actif,2024-02-13,manual_onboarding_2023.xlsx,Migration ERP en cours
B2B-19003-0702,Solutions Lambert France,610197535,61019753583206,,facturation.solutionslambertfran@laposte.net,Philippe Michel,+33 7 25 14 34 95,Le Havre,76600,FR,Actif,2024-05-14,legacy_erp_export.csv,Compte créé avant réforme facturation électronique
B2B-23428-0703,NÉGOCE BLANC FRANCE,444718931,44471893102832,FR84444718931,facturation.ngoceblancfrance@societe.com,Philippe Bonnet,+33 9 73 61 43 98,Toulouse,31000,FR,Actif,2024-11-01,migration_batch_12.xlsx,Migration ERP en cours
B2B-90434-0704,Équipements Marchand SAS,874551350,87455135064351,FR02874551350,facturation.quipementsmarchandsa@gmail.com,Catherine Michel,+33 1 92 64 80 81,Le Havre,76600,FR,Actif,2023-02-20,manual_onboarding_2023.xlsx,Client prioritaire - relance facturation
B2B-87417-0705,Distribution Garnier SASU,881873873,88187387395983,,,Sophie Moreau,+33 7 67 11 42 22,Toulouse,31000,FR,En attente,2024-05-08,import_crm_2024_Q1.xlsx,
B2B-81427-0706,Logistique Simon France,262542047,26254204730493,FR24262542047,,Anne Durand,+33 5 67 69 27 10,Le Havre,76600,FR,Suspendu,2023-07-12,import_crm_2024_Q1.xlsx,Client prioritaire - relance facturation
B2B-30913-0707,Négoce Mercier SARL,453810975,45381097518932,FR10453810975,facturation.ngocemerciersarl@orange.fr,Nicolas Giraud,+33 1 85 81 70 29,Montpellier,34000,FR,Actif,2024-10-12,manual_onboarding_2023.xlsx,
B2B-34316-0708,Équipements Martin SARL,404326118,40039,FR59404326118,facturation.quipementsmartinsarl@entreprise.fr,Thomas Moreau,+33 7 37 16 70 11,Toulouse,31000,FR,Actif,2022-03-07,migration_batch_12.xlsx,Doublon suspecté
B2B-40991-0709,Équipements Dupont SARL,662195360,66219536060928,FR96662195360,,Anne Leroy,+33 6 73 41 27 52,Nantes,44000,FR,Actif,2022-03-12,partner_feed_b2b.csv,
B2B-31003-0710,Distribution Bernard & Fils,113869083,11386908364961,FRXX113869083,facturation.distributionbernardf@orange.fr,Pierre Petit,+33 7 50 45 62 24,Strasbourg,67000,FR,Inactif,2023-06-10,manual_onboarding_2023.xlsx,Client prioritaire - relance facturation
B2B-63354-0711,Maintenance Bernard SASU,155940782,15594078216361,,facturation.maintenancebernardsa@orange.fr,Sophie Michel,+33 6 33 56 28 21,Nice,06000,FR,Suspendu,2022-02-04,migration_batch_12.xlsx,Migration ERP en cours
B2B-49988-0712,Maintenance Garnier SA,772690321,77269032129445,FR89772690321,facturation.maintenancegarniersa@orange.fr,Catherine Moreau,+33 7 87 48 81 13,Lyon,69001,FR,Actif,2022-08-18,partner_feed_b2b.csv,
B2B-27224-0713,Transports Blanc EURL,276483501,27648350130021,FR23276483501,facturation.transportsblanceurl@gmail.com,Anne Dupuis,+33 6 31 65 79 61,Nice,06000,FR,En attente,2024-05-12,legacy_erp_export.csv,Client prioritaire - relance facturation
B2B-70766-0714,Groupe Dupont SASU,600884473,60088447330241,FR96600884473,@domaine.fr,François Giraud,+33 1 83 14 72 47,Grenoble,38000,FR,En attente,2023-02-17,partner_feed_b2b.csv,
B2B-35871-0715,Distribution Martin SASU,534848647,53484864715370,FR83534848647,facturation.distributionmartinsa@orange.fr,Anne Giraud,+33 7 65 33 28 11,Marseille,13001,FR,Actif,2024-01-06,manual_onboarding_2023.xlsx,
B2B-37280-0716,industrie mercier & fils,300008863,30000886352862,FR73300008863,@domaine.fr,Sophie Bonnet,+33 6 10 76 76 83,Grenoble,38000,FR,Inactif,2025-03-08,legacy_erp_export.csv,Client prioritaire - relance facturation
B2B-28201-0717,Transports Faure SARL,737989798,73798979896083,,,Nicolas Giraud,+33 1 80 64 71 43,Lille,59000,FR,Actif,2023-03-25,legacy_erp_export.csv,SIRET à vérifier
B2B-25563-0718,Logistique Lambert & Fils,137118152,13711815291003,FR69137118152,,Isabelle Giraud,+33 7 29 12 34 91,Nantes,44000,FR,Inactif,2024-04-21,import_crm_2024_Q1.xlsx,Email facturation manquant
B2B-52159-0719,Maintenance Perrin EURL,699944945,69994494593862,FR90699944945,facturation.maintenanceperrineur@gmail.com,Marie Durand,+33 7 92 12 27 79,Marseille,13001,FR,Actif,2022-01-03,legacy_erp_export.csv,SIRET à vérifier
B2B-28446-0720,Services Marchand SAS,085817451,08581745146990,FR09085817451,facturation..dupont@mail.fr,Philippe Michel,+33 6 54 68 12 11,Reims,51100,FR,En attente,2022-08-26,partner_feed_b2b.csv,
B2B-92358-0721,Transports Martin EURL,255904613,25590461322661,FR76255904613,facturation@,Jean Michel,+33 6 16 20 26 81,Rennes,35000,FR,Actif,2025-03-08,partner_feed_b2b.csv,
B2B-55986-0722,Maintenance Perrin France,120485073,12048507329411,FR57120485073,facturation.maintenanceperrinfra@laposte.net,Nicolas Moreau,+33 5 93 32 28 66,Nantes,44000,FR,Actif,2023-11-13,legacy_erp_export.csv,
B2B-57965-0723,Équipements Perrin SARL,734724358,73472435853717,FR85734724358,facturation.quipementsperrinsarl@societe.com,Pierre Robert,+33 1 96 26 68 95,Bordeaux,33000,FR,Inactif,2023-12-21,partner_feed_b2b.csv,
B2B-27042-0724,MAINTENANCE GARNIER EURL,997376316,99737631612704,FR30997376316,compta.maintenancegarniereu@gmail.com,Anne Fournier,+33 9 79 66 75 44,Strasbourg,67000,FR,Actif,2024-10-22,migration_batch_12.xlsx,Email facturation manquant
B2B-49496-0725,Groupe Perrin & Fils,223543404,22354340449598,FR63223543404,facturation.groupeperrinfils@societe.com,Pierre Petit,+33 7 91 65 42 87,Reims,51100,FR,Suspendu,2023-07-21,manual_onboarding_2023.xlsx,
B2B-26216-0726,Services Marchand SAS,197388186,19738818687646,FR37197388186,facturation.servicesmarchandsas@entreprise.fr,Sophie Michel,+33 7 74 74 32 18,Paris,75001,FR,Actif,2023-12-13,import_crm_2024_Q1.xlsx,
B2B-15733-0727,Services Roux France,212543416,21254341615527,FR81212543416,facturation.servicesrouxfrance@entreprise.fr,Jean Michel,+33 9 10 40 73 28,Paris,75001,FR,Actif,2024-07-03,migration_batch_12.xlsx,
B2B-20509-0728,Industrie Moreau France,140034718,14003471865061,FR76140034718,facturation.industriemoreaufranc@gmail.com,Anne Fournier,+33 9 15 23 90 59,Grenoble,38000,FR,Actif,2024-11-05,manual_onboarding_2023.xlsx,
B2B-86262-0729,Industrie Marchand SA,478550119,47855011944262,FR26478550119,facturation.industriemarchandsa@societe.com,Pierre Lemaire,+33 7 31 81 77 96,Toulouse,31000,FR,Actif,2023-04-10,partner_feed_b2b.csv,
B2B-64460-0730,Services Laurent SAS,160881970,16088197078082,FR15160881970,facturation.serviceslaurentsas@societe.com,François Moreau,+33 7 25 78 35 72,Montpellier,34000,FR,Actif,2023-01-08,manual_onboarding_2023.xlsx,Compte créé avant réforme facturation électronique
B2B-11956-0731,Groupe Mercier SAS,855780021,85578002117688,FR44855780021,facturation.groupemerciersas@orange.fr,Philippe Robert,+33 6 60 84 14 59,Reims,51100,FR,Actif,2024-03-07,partner_feed_b2b.csv,Doublon suspecté
B2B-18689-0732,Solutions Martin & Fils,691395214,,FR25691395214,facturation.solutionsmartinfils@laposte.net,Pierre Moreau,+33 7 11 37 35 56,Lyon,69001,FR,Actif,2023-03-10,import_crm_2024_Q1.xlsx,Compte créé avant réforme facturation électronique
B2B-39115-0733,Transports Dupont SA,924848132,92484813214042,FR5892484,facturation.transportsdupontsa@entreprise.fr,Anne Petit,+33 5 39 15 28 22,Saint-Étienne,42000,FR,Suspendu,2023-08-19,partner_feed_b2b.csv,Client prioritaire - relance facturation
B2B-40289-0734,Solutions Dupont France,953481106,95348110699752,FR4895348,facturation.solutionsdupontfranc@laposte.net,Catherine Moreau,+33 6 72 74 84 64,Lyon,69001,FR,Actif,2022-10-08,migration_batch_12.xlsx,
B2B-68856-0735,Distribution Dubois SARL,751239591,75123959147484,FR27751239591,facturation.distributionduboissa@laposte.net,Pierre Moreau,+33 1 95 86 69 30,Nantes,44000,FR,Actif,2023-07-28,partner_feed_b2b.csv,Email facturation manquant
B2B-71415-0736,INDUSTRIE MARTIN FRANCE,205171071,20517107160797,,@domaine.fr,Isabelle Moreau,+33 9 78 92 39 71,Lille,59000,FR,Inactif,2023-08-31,import_crm_2024_Q1.xlsx,Migration ERP en cours
B2B-75962-0737,Solutions Girard France,572602929,57260292951698,FR06572602929,facturation.solutionsgirardfranc@societe.com,Philippe Robert,+33 4 81 76 48 15,Reims,51100,FR,Actif,2024-09-06,import_crm_2024_Q1.xlsx,Client prioritaire - relance facturation
B2B-54336-0738,Services Lefebvre SASU,386762591,38676259194638,FR72386762591,,Catherine Bonnet,+33 6 43 76 76 60,Strasbourg,67000,FR,Actif,2023-12-12,import_crm_2024_Q1.xlsx,Compte créé avant réforme facturation électronique
B2B-89165-0739,Distribution Perrin SA,273961590,27396159001157,FR96273961590,facturation.distributionperrinsa@laposte.net,Sophie Dupuis,+33 5 62 67 17 70,Reims,51100,FR,Actif,2025-04-16,import_crm_2024_Q1.xlsx,Client prioritaire - relance facturation
B2B-79070-0740,Industrie  Simon  SARL,422736276,42273627623077,FR91422736276,facturation.industriesimonsarl@orange.fr,François Robert,+33 6 19 69 57 93,Grenoble,38000,FR,Actif,2025-01-17,manual_onboarding_2023.xlsx,
B2B-47873-0741,Services Moreau France,486983057,48698305775836,FR76486983057,facturation.servicesmoreaufrance@gmail.com,,+33 4 33 13 33 62,Strasbourg,67000,FR,Actif,2024-03-25,manual_onboarding_2023.xlsx,Email facturation manquant
B2B-20149-0742,maintenance bernard sasu,155940782,15594078216361,FR88155940782,compta.maintenancebernardsa@entreprise.fr,,+33 9 69 12 37 20,Nice,06000,FR,Inactif,2023-01-11,manual_onboarding_2023.xlsx,Migration ERP en cours
B2B-59379-0743,Maintenance Roux SASU,931729471,93172947170769,FR50931729471,facturation.maintenancerouxsasu@orange.fr,Anne Durand,+33 5 43 17 30 54,Paris,75001,FR,En attente,2023-04-06,legacy_erp_export.csv,Email facturation manquant
B2B-30709-0744,Industrie Garnier & Fils,728129164,72812916439120,FR78728129164,facturation.industriegarnierfils@societe.com,Philippe Durand,+33 7 63 67 60 92,Paris,75001,FR,En attente,2024-09-28,manual_onboarding_2023.xlsx,Doublon suspecté
B2B-13066-0745,Distribution Garnier France,708864067,70886406702844,FR06708864067,facturation.distributiongarnierf@orange.fr,Jean Giraud,+33 6 82 31 86 15,Strasbourg,67000,FR,Actif,2022-03-08,manual_onboarding_2023.xlsx,Migration ERP en cours
B2B-81069-0746,  Industrie Lefebvre SAS  ,909322539,90932253921,FR60909322539,facturation.industrielefebvresas@orange.fr,Isabelle Petit,+33 7 93 52 54 17,Paris,75001,FR,En attente,2024-10-29,migration_batch_12.xlsx,Compte créé avant réforme facturation électronique
B2B-47334-0747,Maintenance Simon SASU,393332437,39333243717335,,facturation.maintenancesimonsasu@gmail.com,Thomas Durand,+33 6 25 26 44 44,Strasbourg,67000,FR,En attente,2022-10-02,import_crm_2024_Q1.xlsx,
B2B-28696-0748,Négoce Garnier SA,376317743,37631774308593,FR20376317743,facturation.ngocegarniersa@gmail.com,Philippe Robert,+33 7 92 21 82 36,Marseille,13001,FR,Actif,2023-04-15,import_crm_2024_Q1.xlsx,Email facturation manquant
B2B-58808-0749,Équipements Faure SA,362647520,,FR78362647520,facturation.quipementsfauresa@orange.fr,Julie Durand,+33 9 25 67 39 13,Strasbourg,67000,FR,Actif,2023-07-08,import_crm_2024_Q1.xlsx,Client prioritaire - relance facturation
B2B-31786-0750,Logistique Girard SAS,115355052,11535505218294,FR14115355052,facturation.logistiquegirardsas@gmail.com,Anne Dupuis,+33 6 95 16 76 66,Grenoble,38000,FR,Suspendu,2023-05-30,legacy_erp_export.csv,
B2B-22245-0751,Services Dupont SA,883458195,88345819571136,FR44883458195,facturation.servicesdupontsa@entreprise.fr,Catherine Durand,+33 7 83 35 36 40,Reims,51100,FR,Actif,2022-12-06,manual_onboarding_2023.xlsx,Email facturation manquant
B2B-81159-0752,Équipements Dubois SAS,464085854,46408585496838,FR84464085854,facturation.quipementsduboissas@societe.com,Pierre Leroy,+33 9 27 61 32 12,Le Havre,76600,FR,Actif,2023-10-16,manual_onboarding_2023.xlsx,
B2B-43023-0753,Logistique Lambert SAS,475107998,47510799813104,FR89475107998,facturation.logistiquelambertsas@orange.fr,Thomas Robert,+33 7 11 23 78 33,Lille,59000,FR,Actif,2022-01-27,import_crm_2024_Q1.xlsx,
B2B-31302-0754,Transports Dupont SASU,341499293,,FR90341499293,facturation.transportsdupontsasu@entreprise.fr,Philippe Robert,+33 9 15 27 62 61,Grenoble,38000,FR,Inactif,2023-02-02,legacy_erp_export.csv,
B2B-72549-0755,Négoce Roux SAS,400391018,40039101826318,FR47400391018,facturation.ngocerouxsas@societe.com,Anne Robert,,Nantes,44000,FR,Inactif,2024-09-22,import_crm_2024_Q1.xlsx,Doublon suspecté
B2B-62425-0756,Maintenance Mercier SAS,461607626,46160762668907,FR62461607626,facturation.maintenancemerciersa@laposte.net,Jean Durand,+33 6 69 32 35 44,Grenoble,38000,FR,Actif,2024-04-20,import_crm_2024_Q1.xlsx,
B2B-94268-0757,Logistique Faure SA,944164234,94416423437710,FR79944164234,facturation.logistiquefauresa@gmail.com,Julie Richard,+33 7 70 94 59 76,Nice,06000,FR,Actif,2023-08-22,legacy_erp_export.csv,
B2B-46365-0758,Distribution Dupont SARL,617551889,61755188964803,FR08617551889,facturation.distributiondupontsa@societe.com,Anne Bonnet,+33 7 99 33 15 31,Le Havre,76600,FR,Actif,2023-07-05,manual_onboarding_2023.xlsx,SIRET à vérifier
B2B-53940-0759,services garnier france,386947900,38694790070263,FR92386947900,facturation.servicesgarnierfranc@laposte.net,Julie Richard,+33 6 63 81 82 15,Nice,06000,FR,Actif,2023-11-26,legacy_erp_export.csv,Compte créé avant réforme facturation électronique
B2B-54199-0760,Solutions Dupont France,574216433,57421643304260,FR24574216433,facturation.solutionsdupontfranc@societe.com,Sophie Fournier,+33 7 96 64 16 49,Reims,51100,FR,En attente,2023-06-21,manual_onboarding_2023.xlsx,Client prioritaire - relance facturation
B2B-69904-0761,Groupe Perrin France,066187569,0661875691721,FR33066187569,facturation.groupeperrinfrance@entreprise.fr,Sophie Moreau,+33 6 57 94 48 98,Bordeaux,33000,FR,Inactif,2022-12-08,migration_batch_12.xlsx,
B2B-11453-0762,Groupe Roux SA,845078602,84507860298683,FR71845078602,,Jean Leroy,+33 4 41 66 44 64,Strasbourg,67000,FR,Inactif,2024-08-22,import_crm_2024_Q1.xlsx,Compte créé avant réforme facturation électronique
B2B-27778-0763,Négoce Dupont France,226679412,22667941259260,,facturation.ngocedupontfrance@societe.com,François Giraud,+33 6 74 52 96 86,Lille,59000,FR,Actif,2024-11-20,migration_batch_12.xlsx,Compte créé avant réforme facturation électronique
B2B-73121-0764,Services Moreau & Fils,605504926,,FR58605504926,facturation.servicesmoreaufils@laposte.net,François Giraud,+33 6 79 61 97 66,Bordeaux,33000,FR,En attente,2022-01-31,partner_feed_b2b.csv,Client prioritaire - relance facturation
B2B-86050-0765,Distribution Moreau SASU,928919823,92891982354877,FR18928919823,facturation.distributionmoreausa@laposte.net,Sophie Richard,+33 7 10 78 64 49,Marseille,13001,FR,En attente,2023-04-26,import_crm_2024_Q1.xlsx,Client prioritaire - relance facturation
B2B-52838-0766,Transports Lambert France,624731780,,FR55624731780,facture.transportslambertfra@societe.com,Julie Durand,+33 7 82 88 63 67,Paris,75001,FR,Actif,2023-04-21,migration_batch_12.xlsx,Compte créé avant réforme facturation électronique
B2B-46429-0767,  Distribution Dubois France  ,302178168,30217816800731,FR64302178168,facturation.distributionduboisfr@entreprise.fr,François Moreau,+33 5 94 38 96 24,Saint-Étienne,42000,FR,Suspendu,2023-06-02,migration_batch_12.xlsx,
B2B-95727-0768,logistique faure france,260256341,26025634120866,FR30260256341,facturation.logistiquefaurefranc@gmail.com,Isabelle Durand,+33 7 15 24 70 16,Paris,75001,FR,En attente,2022-03-06,migration_batch_12.xlsx,
B2B-69540-0769,Services Mercier France,262829684,26282968469019,FR23262829684,facturation.servicesmercierfranc@laposte.net,Jean Dupuis,+33 9 28 76 74 94,Nice,06000,FR,Actif,2024-05-08,migration_batch_12.xlsx,
B2B-65441-0770,Maintenance Laurent SARL,919612760,91961276004337,FR85919612760,facturation.maintenancelaurentsa@societe.com,Pierre Durand,+33 6 68 17 91 32,Lille,59000,FR,En attente,2024-02-21,legacy_erp_export.csv,Migration ERP en cours
B2B-33938-0771,Industrie Faure SA,733754335,73375433503101,FR16733754335,billing.industriefauresa@entreprise.fr,Jean Petit,+33 7 94 94 28 48,Nice,06000,FR,En attente,2023-06-30,migration_batch_12.xlsx,Email facturation manquant
B2B-63093-0772,Maintenance Bernard SASU,155940782,15594078216361,FR88155940782,facturation.maintenancebernardsa@orange.fr,Anne Moreau,,Nice,06000,FR,Inactif,2023-06-08,migration_batch_12.xlsx,
B2B-79833-0773,Logistique Perrin France,935348749,93534874906658,fr92935348749,facturation.logistiqueperrinfran@laposte.net,Nicolas Dupuis,+33 6 61 99 44 75,Nice,06000,FR,Inactif,2024-04-21,legacy_erp_export.csv,Client prioritaire - relance facturation
B2B-26668-0774,Équipements Perrin SA,360667994,36066799409658,FR34360667994,facturation.quipementsperrinsa@orange.fr,Isabelle Bonnet,+33 7 95 32 27 16,Rennes,35000,FR,Actif,2022-01-23,partner_feed_b2b.csv,SIRET à vérifier
B2B-62186-0775,Maintenance Laurent SASU,179962357,17996235796631,FR21179962357,facturation.maintenancelaurentsa@societe.com,Julie Giraud,+33 7 80 71 61 81,Saint-Étienne,42000,FR,Actif,2022-09-06,legacy_erp_export.csv,Migration ERP en cours
B2B-78837-0776,Industrie Dubois & Fils,208493156,,FR06208493156,facturation.industrieduboisfils@gmail.com,Pierre Robert,+33 6 10 18 47 48,Toulouse,31000,FR,Suspendu,2022-05-18,manual_onboarding_2023.xlsx,Client prioritaire - relance facturation
B2B-14424-0777,ÉQuipeMenTS rEnAULT Sa,491341036,49134103683305,FR62491341036,facturation.quipementsrenaultsa@societe.com,Catherine Robert,+33 7 92 51 95 59,Marseille,13001,FR,Actif,2024-04-03,migration_batch_12.xlsx,
B2B-10565-0778,Maintenance Moreau SASU,175307965,17530796574956,FRXX175307965,facturation.maintenancemoreausas@laposte.net,Catherine Robert,+33 5 10 49 41 49,Strasbourg,67000,FR,En attente,2023-10-09,partner_feed_b2b.csv,
B2B-11668-0779,Solutions Martin SAS,077732174,07773217411293,FRXX077732174,facturation.solutionsmartinsas@societe.com,François Robert,+33 4 98 52 89 84,Strasbourg,67000,FR,Suspendu,2023-01-12,manual_onboarding_2023.xlsx,Migration ERP en cours
B2B-46052-0780,logistique perrin france,935348749,93534874906658,FR92935348749,facturation.logistiqueperrinfran@laposte.net,Thomas Bonnet,+33 7 73 65 13 66,Nice,06000,FR,Inactif,2024-04-26,manual_onboarding_2023.xlsx,
B2B-89731-0781,Services Lambert SASU,170851733,17085173310283,FR33170851733,facturation.serviceslambertsasu@laposte.net,Isabelle Moreau,+33 7 14 87 19 81,Nantes,44000,FR,Actif,2023-10-20,partner_feed_b2b.csv,Migration ERP en cours
B2B-45553-0782,Distribution Renault SARL,965391608,96539160837362,FR52965391608,facturation.distributionrenaults@gmail.com,Anne Richard,+33 1 49 50 49 25,Paris,75001,FR,Actif,2022-12-31,import_crm_2024_Q1.xlsx,Compte créé avant réforme facturation électronique
B2B-13163-0783,Solutions Lambert SASU,396620388,39662038889717,FR06396620388,facturation.solutionslambertsasu@laposte.net,François Lemaire,+33 9 78 79 11 29,Strasbourg,67000,FR,Inactif,2023-02-28,legacy_erp_export.csv,Client prioritaire - relance facturation
B2B-54898-0784,Équipements Mercier SASU,425135427,42513542757433,FR47425135427,facturation.quipementsmerciersas@orange.fr,Sophie Durand,+33 9 48 43 12 74,Reims,51100,FR,En attente,2024-09-16,import_crm_2024_Q1.xlsx,
B2B-15377-0785,Logistique Lefebvre & Fils,199184311,19918431119039,FR62199184311,facturation.logistiquelefebvrefi@entreprise.fr,Philippe Petit,+33 7 80 53 81 16,Le Havre,76600,FR,Actif,2023-08-28,partner_feed_b2b.csv,
B2B-29233-0786,Groupe Garnier & Fils,053970773,05397077338832,FR28053970773,facturation@,Julie Lemaire,+33 1 78 96 96 27,Nice,06000,FR,En attente,2023-11-26,legacy_erp_export.csv,Migration ERP en cours
B2B-65210-0787,négoce faure sarl,766262358,76626235830420,FR91766262358,,Pierre Lemaire,+33 7 12 26 57 72,Nantes,44000,FR,Inactif,2023-04-30,import_crm_2024_Q1.xlsx,SIRET à vérifier
B2B-61879-0788,Maintenance Girard France,360502813,36050281381768,,facturation.maintenancegirardfra@societe.com,Anne Petit,+33 6 85 15 85 25,Paris,75001,FR,En attente,2023-06-22,manual_onboarding_2023.xlsx,
B2B-36218-0789,  Maintenance Lambert SARL  ,005242784,00524278492493,FR08005242784,,Anne Fournier,+33 5 39 24 83 93,Lyon,69001,FR,Inactif,2023-08-28,manual_onboarding_2023.xlsx,Migration ERP en cours
B2B-45829-0790,Groupe Blanc SAS,920548945,92054894511870,FR05920548945,facturation.groupeblancsas@gmail.com,Thomas Durand,+33 1 80 86 59 54,Lille,59000,FR,Inactif,2022-11-18,legacy_erp_export.csv,Doublon suspecté
B2B-29583-0791,Transports Roux France,179705661,17970566113441,FR16179705661,facturation.transportsrouxfrance@entreprise.fr,Pierre Michel,,Strasbourg,67000,FR,Actif,2024-01-20,migration_batch_12.xlsx,Doublon suspecté
B2B-13561-0792,  Maintenance Renault France  ,153017311,15301731141423,FR27153017311,facturation.maintenancerenaultfr@entreprise.fr,Jean Leroy,+33 6 57 26 32 42,Lyon,69001,FR,Actif,2024-01-19,legacy_erp_export.csv,
B2B-99130-0793,Logistique Dubois & Fils,579057194,57905719469667,FRXX579057194,facturation.logistiqueduboisfils@entreprise.fr,Philippe Lemaire,+33 9 84 37 64 52,Rennes,35000,FR,Suspendu,2025-02-19,partner_feed_b2b.csv,SIRET à vérifier
B2B-81688-0794,Logistique Lambert SA,057023771,05702377100783,FR88057023771,facturation.logistiquelambertsa@gmail.com,Anne Robert,+33 7 65 72 40 37,Toulouse,31000,FR,Actif,2023-03-07,migration_batch_12.xlsx,SIRET à vérifier
B2B-47892-0795,Maintenance Marchand EURL,402825323,40282532377822,FR26402825323,,Nicolas Robert,+33 6 89 30 38 78,Rennes,35000,FR,Actif,2022-01-01,import_crm_2024_Q1.xlsx,SIRET à vérifier
B2B-90851-0796,  Groupe Renault & Fils  ,332844230,33284423079252,FR55332844230,facturation.grouperenaultfils@societe.com,Thomas Robert,+33 1 96 71 52 51,Lyon,69001,FR,Actif,2024-06-12,migration_batch_12.xlsx,
B2B-36442-0797,  Industrie Laurent SAS  ,831006431,83100643199400,FR92831006431,facturation.industrielaurentsas@entreprise.fr,François Lemaire,+33 4 73 67 69 69,Reims,51100,FR,Inactif,2023-09-04,partner_feed_b2b.csv,
B2B-68058-0798,Solutions Blanc SAS,038503609,65984,FR38038503609,,Pierre Dupuis,+33 6 91 70 48 16,Rennes,35000,FR,Actif,2024-11-02,legacy_erp_export.csv,SIRET à vérifier
B2B-69433-0799,Transports Roux & Fils,625906205,62590620525022,FR96625906205,facturation.transportsrouxfils@societe.com,François Leroy,+33 9 43 62 19 46,Strasbourg,67000,FR,Actif,2025-04-17,migration_batch_12.xlsx,Email facturation manquant
B2B-26719-0800,Groupe Simon SASU,145868503,14586850315118,,facturation.groupesimonsasu@laposte.net,Anne Petit,+33 7 14 85 89 50,Nice,06000,FR,Actif,2023-04-01,migration_batch_12.xlsx,Migration ERP en cours
B2B-59939-0801,Logistique Blanc SASU,121289818,12128981873712,FR59121289818,facturation.logistiqueblancsasu@laposte.net,Sophie Michel,+33 6 33 97 67 65,Nice,06000,FR,En attente,2023-09-15,partner_feed_b2b.csv,Migration ERP en cours
B2B-32626-0802,Équipements Dubois SAS,256787187,25678718716877,FR86256787187,facturation.quipementsduboissas@orange.fr,Catherine Giraud,+33 9 17 52 94 79,Saint-Étienne,42000,FR,Actif,2023-06-08,migration_batch_12.xlsx,Doublon suspecté
B2B-62535-0803,Solutions Dubois EURL,479984603,47998460358172,FR73479984603,facturation.solutionsduboiseurl@societe.com,Nicolas Bonnet,+33 9 34 96 79 40,Montpellier,34000,FR,Actif,2025-01-17,import_crm_2024_Q1.xlsx,
B2B-64680-0804,  Solutions Blanc & Fils  ,166201658,16620165889703,FR57166201658,facturation.solutionsblancfils@societe.com,Philippe Michel,+33 7 51 51 55 73,Bordeaux,33000,FR,En attente,2024-07-03,manual_onboarding_2023.xlsx,Compte créé avant réforme facturation électronique
B2B-64385-0805,Solutions Girard SA,824051662,82405166220172,FR00824051662,facturation.solutionsgirardsa@orange.fr,Nicolas Michel,+33 7 47 10 28 35,Lyon,69001,FR,Actif,2024-08-20,import_crm_2024_Q1.xlsx,
B2B-69327-0806,Services Lefebvre SASU,036309440,03630944053898,FR48036309440,facturation.serviceslefebvresasu@gmail.com,Pierre Durand,+33 5 16 79 88 78,Montpellier,34000,FR,En attente,2022-01-25,migration_batch_12.xlsx,SIRET à vérifier
B2B-93620-0807,Groupe Blanc SAS,197979724,19797972435222,FR36197979724,facturation.groupeblancsas@gmail.com,Sophie Leroy,+33 7 77 11 48 50,Lille,59000,FR,En attente,2022-01-30,migration_batch_12.xlsx,Doublon suspecté
B2B-75308-0808,SERVICES PERRIN SARL,394059800,39405980094008,FR60394059800,facturation.servicesperrinsarl@societe.com,Nicolas Michel,+33 6 39 21 55 77,Marseille,13001,FR,Actif,2022-11-11,import_crm_2024_Q1.xlsx,Client prioritaire - relance facturation
B2B-22631-0809,Solutions Garnier SARL,977748676,97774867640470,INVALID,facturation.solutionsgarniersarl@gmail.com,Thomas Moreau,+33 4 35 10 74 76,Montpellier,34000,FR,Actif,2022-08-06,migration_batch_12.xlsx,SIRET à vérifier
B2B-30863-0810,négoce girard sas,332605863,33260586355048,FR38332605863,facturation.ngocegirardsas@entreprise.fr,Nicolas Giraud,+33 7 34 99 10 59,Bordeaux,33000,FR,En attente,2022-07-04,partner_feed_b2b.csv,Compte créé avant réforme facturation électronique
B2B-75621-0811,Maintenance Lambert SASU,242655943,24265594303067,FR10242655943,facturation.maintenancelambertsa@entreprise.fr,Pierre Richard,+33 6 38 93 70 25,Le Havre,76600,FR,Suspendu,2025-03-19,import_crm_2024_Q1.xlsx,
B2B-66152-0812,disTrIBUtIon bLANC & FiLS,548708478,54870847809253,FR41548708478,facturation.distributionblancfil@entreprise.fr,Philippe Fournier,+33 6 85 77 19 79,Nice,06000,FR,En attente,2022-02-27,manual_onboarding_2023.xlsx,
B2B-81720-0813,Équipements Laurent France,812988610,03480,FR73812988610,facturation.quipementslaurentfra@entreprise.fr,Jean Moreau,+33 6 25 16 68 85,Reims,51100,FR,Actif,2023-04-04,manual_onboarding_2023.xlsx,Compte créé avant réforme facturation électronique
B2B-96868-0814,Maintenance Renault SA,649703503,64970350366982,FR87649703503,facturation.maintenancerenaultsa@societe.com,Philippe Giraud,+33 4 34 53 55 98,Bordeaux,33000,FR,Suspendu,2023-03-23,import_crm_2024_Q1.xlsx,Doublon suspecté
B2B-53158-0815,Équipements Renault SASU,505705211,50570521188539,FR46505705211,facturation@,Thomas Michel,+33 5 43 15 49 57,Rennes,35000,FR,Actif,2022-07-29,legacy_erp_export.csv,Client prioritaire - relance facturation
B2B-94957-0816,Maintenance Lambert SASU,503687156,50368715697472,FR39503687156,facturation.maintenancelambertsa@gmail.com,Anne Dupuis,+33 7 89 67 78 16,Lyon,69001,FR,Inactif,2024-11-15,manual_onboarding_2023.xlsx,Migration ERP en cours
B2B-64003-0817,Transports Bernard EURL,794036649,79403664917657,FR61794036649,facturation.transportsbernardeur@societe.com,Isabelle Fournier,+33 7 74 94 36 25,Toulouse,31000,FR,Suspendu,2022-10-29,partner_feed_b2b.csv,Client prioritaire - relance facturation
B2B-23691-0818,Logistique Faure France,260256341,26025634120866,FR30260256341,facture.logistiquefaurefranc@entreprise.fr,Thomas Lemaire,+33 6 27 82 21 52,Paris,75001,FR,En attente,2023-12-12,manual_onboarding_2023.xlsx,Compte créé avant réforme facturation électronique
B2B-42432-0819,Maintenance Renault & Fils,966073442,96607344250957,FR18966073442,facturation.maintenancerenaultfi@orange.fr,Julie Petit,+33 7 79 46 93 20,Nice,06000,FR,Inactif,2022-01-07,manual_onboarding_2023.xlsx,
B2B-31176-0820,sERViCeS MaRchANd sArL,801845144,80184514456985,FR46801845144,facturation.servicesmarchandsarl@gmail.com,Thomas Dupuis,+33 6 92 46 22 39,Grenoble,38000,FR,Suspendu,2023-01-19,import_crm_2024_Q1.xlsx,Compte créé avant réforme facturation électronique
B2B-34721-0821,MAINTENANCE PERRIN SARL,667719669,18291,FR88667719669,facturation.maintenanceperrinsar@laposte.net,Julie Moreau,+33 5 32 14 27 26,Paris,75001,FR,Suspendu,2024-06-15,partner_feed_b2b.csv,Compte créé avant réforme facturation électronique
B2B-38928-0822,Négoce Bernard SA,675901777,67590177783317,FR77675901777,@domaine.fr,Nicolas Moreau,+33 7 13 88 31 37,Marseille,13001,FR,Actif,2022-10-14,partner_feed_b2b.csv,
B2B-24423-0823,nÉGocE GARNiEr & fils,863726317,86372631784259,FR18863726317,facturation.ngocegarnierfils@entreprise.fr,Anne Dupuis,+33 6 91 33 72 97,Saint-Étienne,42000,FR,Actif,2024-01-10,manual_onboarding_2023.xlsx,SIRET à vérifier
B2B-20969-0824,Logistique Girard & Fils,574932515,,,facturation.logistiquegirardfils@entreprise.fr,Thomas Giraud,+33 7 37 18 27 98,Reims,51100,FR,Actif,2024-11-18,legacy_erp_export.csv,
B2B-79250-0825,Logistique Mercier SAS,580018733,58001873311050,FR80580018733,,Marie Petit,+33 7 71 78 62 31,Rennes,35000,FR,Actif,2024-04-10,migration_batch_12.xlsx,Doublon suspecté
B2B-65475-0826,Services Perrin France,425706809,,FR09425706809,,Sophie Lemaire,+33 7 32 35 11 61,Rennes,35000,FR,Suspendu,2023-11-18,import_crm_2024_Q1.xlsx,Doublon suspecté
B2B-28101-0827,Maintenance Renault SARL,241142063,24114206341292,FR07241142063,facturation.maintenancerenaultsa@gmail.com,Nicolas Leroy,+33 4 12 22 61 64,Lyon,69001,FR,Actif,2022-03-06,manual_onboarding_2023.xlsx,Client prioritaire - relance facturation
B2B-86953-0828,Logistique Martin France,222056209,22205620914925,FR90222056209,facturation.logistiquemartinfran@orange.fr,Nicolas Giraud,+33 6 83 22 34 39,Lyon,69001,FR,Actif,2023-06-05,manual_onboarding_2023.xlsx,SIRET à vérifier
B2B-99033-0829,Groupe Mercier SASU,452342867,45234286756124,FR68452342867,facturation.groupemerciersasu@gmail.com,Pierre Michel,+33 7 64 34 44 32,Bordeaux,33000,FR,Suspendu,2024-08-27,legacy_erp_export.csv,Migration ERP en cours
B2B-96752-0830,Maintenance Bernard SA,985297353,98529735323273,FR13985297353,facturation.maintenancebernardsa@entreprise.fr,Philippe Leroy,+33 1 44 72 59 30,Grenoble,38000,FR,Actif,2023-06-30,partner_feed_b2b.csv,Doublon suspecté
B2B-38727-0831,Maintenance Perrin & Fils,369524747,36952474787414,FR53369524747,facturation.maintenanceperrinfil@orange.fr,Isabelle Richard,+33 7 26 91 83 80,Nantes,44000,FR,Inactif,2024-10-08,migration_batch_12.xlsx,
B2B-49034-0832,Équipements Roux SA,157127630,15712763027853,fr53157127630,facturation.quipementsrouxsa@laposte.net,Philippe Giraud,+33 7 41 95 83 13,Nice,06000,FR,En attente,2025-01-23,import_crm_2024_Q1.xlsx,SIRET à vérifier
B2B-22606-0833,Distribution Bernard SARL,538116830,53811683003030,FR66538116830,facturation.distributionbernards@entreprise.fr,Sophie Fournier,+33 6 70 98 31 10,Toulouse,31000,FR,Actif,2025-02-12,legacy_erp_export.csv,SIRET à vérifier
B2B-46057-0834,Négoce Mercier France,931214632,93121463257936,FR64931214632,facturation.ngocemercierfrance@entreprise.fr,Pierre Leroy,+33 4 84 91 31 59,Reims,51100,FR,Inactif,2022-10-12,migration_batch_12.xlsx,Migration ERP en cours
B2B-11487-0835,Maintenance Faure & Fils,369481123,36948112374338,FR34369481123,facturation.maintenancefaurefils@entreprise.fr,Marie Bonnet,+33 6 62 97 80 38,Nice,06000,FR,En attente,2022-02-26,import_crm_2024_Q1.xlsx,SIRET à vérifier
B2B-42361-0836,  Industrie Girard SA  ,994901335,99490133562421,FR49994901335,facturation.industriegirardsa@entreprise.fr,Catherine Dupuis,+33 5 78 22 46 15,Toulouse,31000,FR,Inactif,2023-03-20,import_crm_2024_Q1.xlsx,
B2B-42905-0837,Logistique Dupont SARL,811604992,81160499240835,FR43811604992,facturation..dupont@mail.fr,Jean Robert,+33 7 63 25 61 79,Le Havre,76600,FR,Actif,2023-06-13,migration_batch_12.xlsx,Doublon suspecté
B2B-49631-0838,Maintenance  Martin  &  Fils,842035317,842035317,FR50842035317,facturation.maintenancemartinfil@gmail.com,Catherine Bonnet,+33 7 17 20 51 71,Bordeaux,33000,FR,Actif,2022-10-05,manual_onboarding_2023.xlsx,Email facturation manquant
B2B-97688-0839,SeRvIcEs lambErt euRl,028814114,02881411482837,FR28028814114,facturation.serviceslamberteurl@laposte.net,Isabelle Robert,+33 1 87 37 65 70,Le Havre,76600,FR,Suspendu,2023-01-15,partner_feed_b2b.csv,
B2B-63283-0840,Groupe Bernard SARL,845525273,84552527382968,FR29845525273,facturation.groupebernardsarl@laposte.net,Nicolas Fournier,+33 1 69 84 79 86,Marseille,13001,FR,En attente,2025-03-13,migration_batch_12.xlsx,Client prioritaire - relance facturation
B2B-17648-0841,maintenance lefebvre sa,051956757,66173,FR13051956757,facturation.maintenancelefebvres@laposte.net,,+33 6 68 29 59 61,Nantes,44000,FR,Suspendu,2022-03-29,import_crm_2024_Q1.xlsx,Migration ERP en cours
B2B-95709-0842,Groupe Martin France,413068629,41306862967102,FR53413068629,facturation.groupemartinfrance@entreprise.fr,Marie Durand,+33 7 62 79 86 17,Grenoble,38000,FR,Inactif,2024-04-14,legacy_erp_export.csv,Client prioritaire - relance facturation
B2B-75732-0843,Services Simon SAS,115223285,11522328520319,FR85115223285,facturation.servicessimonsas@laposte.net,,+33 7 29 77 34 55,Lille,59000,FR,En attente,2023-07-03,partner_feed_b2b.csv,
B2B-39907-0844,Solutions Marchand SAS,511350538,51135053884296,FR21511350538,facturation.solutionsmarchandsas@societe.com,Anne Robert,,Marseille,13001,FR,En attente,2023-05-08,import_crm_2024_Q1.xlsx,
B2B-80837-0845,INduStRIE mERCiER sARL,010419451,01041945143636,FR18010419451,facturation.industriemerciersarl@orange.fr,Thomas Petit,,Rennes,35000,FR,Inactif,2025-03-25,import_crm_2024_Q1.xlsx,Doublon suspecté
B2B-53507-0846,Transports Lambert France,855759947,85575994724454,FR59855759947,facturation.transportslambertfra@societe.com,Julie Durand,+33 9 82 91 16 98,Nice,06000,FR,Suspendu,2022-04-10,partner_feed_b2b.csv,Doublon suspecté
B2B-65099-0847,Logistique Faure SA,733745701,58216,FR13733745701,,Marie Richard,+33 6 48 85 80 17,Marseille,13001,FR,En attente,2022-11-26,migration_batch_12.xlsx,SIRET à vérifier
B2B-48765-0848,Groupe Simon SAS,447725089,44772508918459,FR80447725089,facturation.groupesimonsas@laposte.net,Pierre Richard,+33 6 14 45 20 68,Grenoble,38000,FR,Actif,2023-11-02,migration_batch_12.xlsx,Doublon suspecté
B2B-51330-0849,MaintENaNCE dupont SAS,749062793,74906279321566,FR61749062793,facturation.maintenancedupontsas@laposte.net,Catherine Durand,+33 6 38 94 28 89,Nice,06000,FR,Actif,2023-05-09,migration_batch_12.xlsx,
B2B-63230-0850,Solutions Martin SAS,693706321,69370632130228,FR77693706321,,Pierre Giraud,+33 7 10 33 29 15,Lyon,69001,FR,En attente,2023-04-08,partner_feed_b2b.csv,Email facturation manquant
B2B-21108-0851,Maintenance Moreau EURL,900002955,90000295524144,FR06900002955,facturation.maintenancemoreaueur@laposte.net,,+33 5 99 73 18 75,Marseille,13001,FR,Actif,2023-04-10,import_crm_2024_Q1.xlsx,Migration ERP en cours
B2B-48759-0852,Distribution Lambert SAS,911718225,91171822586474,FR00911718225,@domaine.fr,Julie Richard,+33 7 93 90 69 69,Nice,06000,FR,Actif,2023-02-06,migration_batch_12.xlsx,
B2B-20522-0853,Logistique Marchand SAS,163287082,16328708232662,FR06163287082,facturation.logistiquemarchandsa@entreprise.fr,Catherine Moreau,,Reims,51100,FR,Suspendu,2023-10-20,partner_feed_b2b.csv,Compte créé avant réforme facturation électronique
B2B-17201-0854,Logistique Faure EURL,619022314,61902231471708,FR14619022314,facturation.logistiquefaureeurl@entreprise.fr,Jean Moreau,+33 9 90 64 36 52,Montpellier,34000,FR,Actif,2024-02-15,migration_batch_12.xlsx,Migration ERP en cours
B2B-94819-0855,Logistique Faure France,260256341,26025634120866,,,Philippe Richard,+33 1 20 46 29 87,Paris,75001,FR,En attente,2025-01-06,migration_batch_12.xlsx,
B2B-41888-0856,Distribution Bernard & Fils,774348733,77434873335992,FR01774348733,facturation.distributionbernardf@gmail.com,Sophie Robert,+33 7 86 94 90 74,Nice,06000,FR,Suspendu,2024-10-14,partner_feed_b2b.csv,Doublon suspecté
B2B-84727-0857,Groupe Dupont France,153820112,,FR17153820112,facturation.groupedupontfrance@orange.fr,Julie Moreau,+33 6 65 66 38 57,Strasbourg,67000,FR,Actif,2024-09-28,manual_onboarding_2023.xlsx,SIRET à vérifier
B2B-51158-0858,Groupe Perrin SAS,697648788,36527,,facturation.groupeperrinsas@societe.com,Nicolas Lemaire,+33 6 12 49 62 90,Marseille,13001,FR,En attente,2023-11-15,import_crm_2024_Q1.xlsx,
B2B-98102-0859,Industrie Blanc & Fils,062767290,06276729080463,FR50062767290,facturation.industrieblancfils@entreprise.fr,Anne Richard,+33 7 27 19 26 83,Paris,75001,FR,Actif,2024-10-07,partner_feed_b2b.csv,Compte créé avant réforme facturation électronique
B2B-97573-0860,Logistique Dubois SA,045797253,04579725385909,FR01045797253,facturation.logistiqueduboissa@gmail.com,Catherine Durand,+33 6 21 47 67 81,Grenoble,38000,FR,Suspendu,2022-11-16,import_crm_2024_Q1.xlsx,Migration ERP en cours
B2B-51504-0861,Industrie Moreau EURL,959310342,95931034210458,FR14959310342,compta.industriemoreaueurl@entreprise.fr,Catherine Moreau,+33 9 11 60 35 62,Nice,06000,FR,Actif,2022-02-25,import_crm_2024_Q1.xlsx,Compte créé avant réforme facturation électronique
B2B-48296-0862,Industrie Perrin France,842648334,84264833488564,FR78842648334,facturation.societe,Philippe Durand,+33 4 98 79 87 61,Bordeaux,33000,FR,Actif,2023-08-09,partner_feed_b2b.csv,
B2B-13149-0863,Services Girard SASU,856490137,85649013712265,FR78856490137,facturation.servicesgirardsasu@societe.com,Sophie Leroy,+33 6 19 23 52 47,Nantes,44000,FR,Actif,2025-01-12,import_crm_2024_Q1.xlsx,Client prioritaire - relance facturation
B2B-78671-0864,Transports Girard SAS,890441047,89044104745687,FR92890441047,facturation.transportsgirardsas@entreprise.fr,Philippe Giraud,+33 6 52 34 76 91,Lyon,69001,FR,Actif,2023-02-08,import_crm_2024_Q1.xlsx,
B2B-23514-0865,Distribution Lambert SA,685647178,68564717811955,FR92685647178,facturation.distributionlamberts@societe.com,Jean Robert,+33 1 61 87 77 98,Paris,75001,FR,Inactif,2024-05-18,migration_batch_12.xlsx,SIRET à vérifier
B2B-24787-0866,Équipements Lefebvre & Fils,199767593,19976759320949,FR28199767593,facturation.quipementslefebvrefi@entreprise.fr,Marie Fournier,+33 5 13 52 78 36,Toulouse,31000,FR,Suspendu,2022-11-04,migration_batch_12.xlsx,Doublon suspecté
B2B-42363-0867,SERVICES FAURE EURL,533998246,53399824618615,FR77533998246,facturation.servicesfaureeurl@gmail.com,Catherine Lemaire,+33 6 18 97 52 79,Montpellier,34000,FR,Actif,2022-11-07,migration_batch_12.xlsx,Doublon suspecté
B2B-36805-0868,Industrie Girard SA,272766982,27276698283620,FR34272766982,,Julie Lemaire,+33 7 26 76 57 48,Lyon,69001,FR,Actif,2025-01-01,migration_batch_12.xlsx,Email facturation manquant
B2B-26392-0869,DISTRIBUTION MOREAU SARL,073827776,,FR39073827776,,Nicolas Robert,+33 7 93 74 59 35,Saint-Étienne,42000,FR,Suspendu,2023-07-25,legacy_erp_export.csv,Client prioritaire - relance facturation
B2B-48692-0870,Logistique Perrin SARL,473057779,47305777975972,FR08473057779,facturation.logistiqueperrinsarl@societe.com,François Fournier,+33 7 88 65 54 61,Montpellier,34000,FR,Actif,2023-02-03,manual_onboarding_2023.xlsx,Migration ERP en cours
B2B-12107-0871,Solutions Lefebvre France,095224260,09522426081807,FR32095224260,facturation.solutionslefebvrefra@orange.fr,Julie Robert,+33 6 84 19 43 41,Bordeaux,33000,FR,Inactif,2022-04-13,import_crm_2024_Q1.xlsx,Doublon suspecté
B2B-74597-0872,Maintenance Laurent EURL,911501011,91150101104027,FR04911501011,facturation.maintenancelaurenteu@societe.com,Jean Robert,+33 6 95 43 69 53,Paris,75001,FR,Suspendu,2023-02-28,manual_onboarding_2023.xlsx,Email facturation manquant
B2B-21699-0873,Logistique Girard EURL,921496794,92149679493176,FR9492149,facturation.logistiquegirardeurl@societe.com,Philippe Dupuis,+33 7 96 40 29 12,Toulouse,31000,FR,En attente,2022-10-18,manual_onboarding_2023.xlsx,SIRET à vérifier
B2B-80611-0874,Industrie Martin SASU,474687230,,,facturation.industriemartinsasu@laposte.net,Anne Robert,+33 9 95 26 47 10,Grenoble,38000,FR,Actif,2023-09-15,partner_feed_b2b.csv,
B2B-51894-0875,Distribution Moreau EURL,190854328,19085432826596,FR29190854328,facturation.distributionmoreaueu@gmail.com,François Lemaire,,Montpellier,34000,FR,Actif,2022-03-19,migration_batch_12.xlsx,
B2B-78986-0876,Transports Mercier France,993187813,99318781369690,FR95993187813,facturation.transportsmercierfra@gmail.com,Pierre Giraud,+33 4 52 99 45 18,Le Havre,76600,FR,Actif,2022-04-12,manual_onboarding_2023.xlsx,Client prioritaire - relance facturation
B2B-93015-0877,Équipements Dupont SASU,766136628,76613662810793,FR37766136628,facturation.quipementsdupontsasu@orange.fr,Pierre Dupuis,+33 1 54 83 48 68,Reims,51100,FR,Actif,2022-05-31,import_crm_2024_Q1.xlsx,
B2B-55724-0878,Équipements Marchand SAS,788957986,78895798655933,FR56788957986,facturation.quipementsmarchandsa@societe.com,Sophie Dupuis,+33 4 11 88 65 73,Grenoble,38000,FR,Suspendu,2023-09-24,legacy_erp_export.csv,SIRET à vérifier
B2B-89482-0879,  Maintenance Renault & Fils  ,376501678,37650167812883,FR89376501678,facturation.maintenancerenaultfi@societe.com,Catherine Fournier,+33 6 94 77 79 37,Le Havre,76600,FR,Suspendu,2022-11-27,partner_feed_b2b.csv,SIRET à vérifier
B2B-32530-0880,Équipements Dupont SASU,922666787,92266678790149,FR31922666787,facturation.quipementsdupontsasu@orange.fr,Catherine Dupuis,+33 7 51 31 33 80,Grenoble,38000,FR,En attente,2025-04-10,legacy_erp_export.csv,Doublon suspecté
B2B-84134-0881,Distribution Laurent EURL,812559771,81255977179070,FR67812559771,facturation.distributionlaurente@entreprise.fr,Philippe Michel,+33 6 81 57 78 13,Nantes,44000,FR,Actif,2024-03-04,manual_onboarding_2023.xlsx,Email facturation manquant
B2B-82277-0882,Solutions Bernard SASU,939129568,93912956857855,FR48939129568,,François Petit,+33 5 77 64 15 17,Lille,59000,FR,Suspendu,2023-01-06,migration_batch_12.xlsx,Email facturation manquant
B2B-83554-0883,Industrie Dupont SARL,757030296,75703029695824,FR24757030296,,Isabelle Dupuis,+33 7 90 14 73 45,Lyon,69001,FR,Actif,2022-11-28,legacy_erp_export.csv,Client prioritaire - relance facturation
B2B-63487-0884,Transports  Renault  &  Fils,931806208,93180620802596,FR80931806208,facturation.transportsrenaultfil@orange.fr,Nicolas Robert,+33 9 27 43 99 83,Toulouse,31000,FR,Inactif,2022-07-08,manual_onboarding_2023.xlsx,Migration ERP en cours
B2B-61252-0885,Distribution Lefebvre SA,956740687,95674068739836,FR27956740687,facturation.distributionlefebvre@laposte.net,Isabelle Richard,+33 6 45 58 93 64,Montpellier,34000,FR,Suspendu,2023-07-03,migration_batch_12.xlsx,Client prioritaire - relance facturation
B2B-48885-0886,Industrie Perrin EURL,835862676,,FR09835862676,facturation.industrieperrineurl@societe.com,Isabelle Richard,+33 7 70 56 77 70,Le Havre,76600,FR,En attente,2025-02-22,legacy_erp_export.csv,Migration ERP en cours
B2B-49422-0887,Groupe Blanc France,369580506,36958050647340,FR05369580506,facturation.groupeblancfrance@gmail.com,Anne Robert,+33 7 69 31 11 16,Paris,75001,FR,Suspendu,2024-08-15,partner_feed_b2b.csv,Client prioritaire - relance facturation
B2B-74228-0888,Négoce Marchand SASU,012269163,01226916350019,FR75012269163,facture.societe,Isabelle Michel,+33 5 95 90 97 10,Nice,06000,FR,Actif,2023-12-05,import_crm_2024_Q1.xlsx,
B2B-83705-0889,Négoce Girard France,143531275,90002,FR70143531275,facturation.ngocegirardfrance@orange.fr,Sophie Fournier,+33 5 34 20 22 24,Montpellier,34000,FR,Actif,2024-08-01,manual_onboarding_2023.xlsx,
B2B-82267-0890,Distribution  Roux  SASU,662510858,66251085872614,FR64662510858,facturation.distributionrouxsasu@laposte.net,Isabelle Michel,+33 6 43 90 65 15,Toulouse,31000,FR,Actif,2024-01-03,manual_onboarding_2023.xlsx,Client prioritaire - relance facturation
B2B-69474-0891,Distribution Lefebvre SAS,062728163,06272816332791,FR39062728163,facturation @entreprise.fr,,+33 5 70 57 64 31,Bordeaux,33000,FR,Suspendu,2024-06-24,partner_feed_b2b.csv,
B2B-11850-0892,Maintenance Roux SARL,990693193,,FR76990693193,facturation.maintenancerouxsarl@societe.com,Anne Leroy,+33 9 73 17 49 52,Reims,51100,FR,Suspendu,2024-05-07,partner_feed_b2b.csv,Client prioritaire - relance facturation
B2B-98696-0893,Transports Mercier SASU,123438887,12343888711855,FR64123438887,facturation.transportsmerciersas@laposte.net,François Robert,+33 7 87 41 61 48,Nantes,44000,FR,Actif,2022-09-29,partner_feed_b2b.csv,Doublon suspecté
B2B-58638-0894,SOLUTIONS MERCIER SASU,767299111,76729911198105,FR45767299111,facturation.solutionsmerciersasu@laposte.net,François Michel,+33 6 76 35 92 48,Paris,75001,FR,Suspendu,2025-04-13,partner_feed_b2b.csv,Email facturation manquant
B2B-25558-0895,nÉgoce lauRenT EURl,150629175,150629175,FR39150629175,facturation.ngocelaurenteurl@gmail.com,Catherine Richard,+33 1 64 28 97 88,Saint-Étienne,42000,FR,Actif,2022-04-26,manual_onboarding_2023.xlsx,Migration ERP en cours
B2B-51654-0896,ÉQUIPEMENTS RENAULT SASU,002026836,00202683604484,FR75002026836,,Julie Michel,,Rennes,35000,FR,Actif,2024-04-15,partner_feed_b2b.csv,Doublon suspecté
B2B-49006-0897,Transports Bernard SAS,182368814,18236881472018,DE70182368814,facturation.transportsbernardsas@orange.fr,,+33 7 22 41 41 45,Le Havre,76600,FR,Actif,2024-01-11,legacy_erp_export.csv,
B2B-14132-0898,maintenance dupont sas,831681638,83168163874100,FR62831681638,facturation.maintenancedupontsas@gmail.com,François Lemaire,+33 6 58 86 11 69,Lille,59000,FR,Actif,2022-09-23,import_crm_2024_Q1.xlsx,Migration ERP en cours
B2B-23070-0899,Équipements Garnier France,070716348,070716348,FR65070716348,facturation.quipementsgarnierfra@societe.com,Anne Leroy,+33 6 68 10 77 57,Reims,51100,FR,Actif,2023-06-16,manual_onboarding_2023.xlsx,SIRET à vérifier
B2B-89365-0900,Négoce Simon EURL,729655618,72965561865341,FR70729655618,facturation.ngocesimoneurl@gmail.com,Sophie Fournier,+33 6 98 96 74 74,Strasbourg,67000,FR,Inactif,2024-02-21,partner_feed_b2b.csv,Compte créé avant réforme facturation électronique
B2B-38673-0901,Équipements Perrin SAS,133890832,13389083293850,FR67133890832,,Isabelle Fournier,+33 6 35 79 77 71,Bordeaux,33000,FR,Actif,2024-02-19,import_crm_2024_Q1.xlsx,Migration ERP en cours
B2B-62007-0902,Logistique Lambert SAS,475107998,,FR89475107998,compta.logistiquelambertsas@entreprise.fr,Pierre Fournier,+33 6 10 47 97 24,Lille,59000,FR,En attente,2024-05-13,legacy_erp_export.csv,SIRET à vérifier
B2B-44331-0903,Maintenance Dubois EURL,704656898,70465689802863,FR42704656898,facturation.maintenanceduboiseur@orange.fr,Philippe Giraud,+33 6 10 13 45 79,Saint-Étienne,42000,FR,Actif,2023-12-07,migration_batch_12.xlsx,
B2B-29001-0904,industrie girard sarl,912706593,91270659334632,FRXX912706593,facturation.industriegirardsarl@gmail.com,Philippe Lemaire,+33 4 84 22 20 79,Paris,75001,FR,Inactif,2025-04-09,partner_feed_b2b.csv,
B2B-72974-0905,Groupe Marchand SASU,578984979,57898497907455,FR05578984979,facturation.groupemarchandsasu@laposte.net,Pierre Robert,+33 6 24 45 79 62,Rennes,35000,FR,Actif,2022-01-20,partner_feed_b2b.csv,
B2B-74555-0906,Services Marchand SA,356316318,35631631846189,FR42356316318,facturation.servicesmarchandsa@entreprise.fr,Pierre Lemaire,+33 9 23 63 86 49,Le Havre,76600,FR,Actif,2024-12-12,migration_batch_12.xlsx,
B2B-61375-0907,MaINTeNAncE RENAuLT Sa,820130718,82013071889557,FR67820130718,facturation.maintenancerenaultsa@orange.fr,Marie Moreau,+33 6 63 25 40 19,Toulouse,31000,FR,Actif,2023-12-02,import_crm_2024_Q1.xlsx,Email facturation manquant
B2B-45694-0908,Maintenance Simon SARL,192581477,19258147792171,FR27192581477,facturation.maintenancesimonsarl@orange.fr,Julie Richard,+33 6 25 99 79 60,Le Havre,76600,FR,Actif,2023-10-14,legacy_erp_export.csv,
B2B-51150-0909,Maintenance Dubois & Fils,630930795,44259,FR66630930795,facturation.maintenanceduboisfil@societe.com,Jean Dupuis,+33 7 56 84 78 69,Grenoble,38000,FR,Actif,2022-08-09,partner_feed_b2b.csv,Email facturation manquant
B2B-93368-0910,Groupe Roux SARL,880957017,88095701747576,FR42880957017,compta.grouperouxsarl@laposte.net,François Petit,+33 6 18 36 37 89,Toulouse,31000,FR,Actif,2023-09-18,legacy_erp_export.csv,
B2B-94716-0911,Industrie Simon & Fils,241983065,24198306556869,FR43241983065,facturation.industriesimonfils@laposte.net,Nicolas Durand,+33 6 93 49 47 44,Toulouse,31000,FR,Actif,2022-11-19,manual_onboarding_2023.xlsx,Client prioritaire - relance facturation
B2B-58215-0912,Équipements Perrin & Fils,094765115,09476511544087,FR94094765115,facturation.quipementsperrinfils@entreprise.fr,Nicolas Durand,+33 5 23 49 73 54,Lyon,69001,FR,Suspendu,2022-10-02,manual_onboarding_2023.xlsx,Doublon suspecté
B2B-22234-0913,Industrie Blanc EURL,908261106,90826110680806,FR77908261106,facturation.industrieblanceurl@laposte.net,Pierre Lemaire,+33 6 14 91 32 40,Nantes,44000,FR,Actif,2025-03-13,manual_onboarding_2023.xlsx,Client prioritaire - relance facturation
B2B-40371-0914,Groupe Simon SASU,145868503,14586850315118,FR12145868503,facturation.groupesimonsasu@entreprise.fr,Marie Bonnet,+33 6 90 79 34 87,Nice,06000,FR,Actif,2023-08-26,import_crm_2024_Q1.xlsx,SIRET à vérifier
B2B-65658-0915,Équipements Marchand SAS,788957986,78895798655933,FR56788957986,facturation.quipementsmarchandsa@orange.fr,Thomas Lemaire,+33 7 34 35 48 96,Grenoble,38000,FR,En attente,2024-02-20,partner_feed_b2b.csv,Migration ERP en cours
B2B-14886-0916,Services Faure SASU,865424380,86542438072677,FR58865424380,facturation.servicesfauresasu@laposte.net,Isabelle Durand,+33 6 53 12 83 54,Marseille,13001,FR,Actif,2023-07-12,partner_feed_b2b.csv,
B2B-42602-0917,Négoce Moreau France,969645356,,FR73969645356,facturation.ngocemoreaufrance@entreprise.fr,Isabelle Durand,+33 6 80 76 35 10,Le Havre,76600,FR,Actif,2023-07-17,manual_onboarding_2023.xlsx,SIRET à vérifier
B2B-97420-0918,Négoce Girard EURL,686679890,68667989053553,FR48686679890,facturation.ngocegirardeurl@gmail.com,Catherine Lemaire,+33 1 65 84 16 20,Paris,75001,FR,En attente,2023-06-18,partner_feed_b2b.csv,
B2B-54134-0919,Logistique Lambert & Fils,675665050,67566505055361,FR33675665050,facturation.logistiquelambertfil@gmail.com,François Petit,+33 7 43 82 97 33,Lille,59000,FR,En attente,2024-11-25,manual_onboarding_2023.xlsx,
B2B-46469-0920,Services Faure SARL,132677361,13267736107685,FR64132677361,facturation.servicesfauresarl@gmail.com,François Leroy,+33 9 83 39 72 53,Strasbourg,67000,FR,En attente,2022-12-10,manual_onboarding_2023.xlsx,Email facturation manquant
B2B-26301-0921,  Distribution Perrin & Fils  ,402503858,40250385899034,FR05402503858,facturation.distributionperrinfi@entreprise.fr,Nicolas Giraud,+33 1 90 62 41 76,Marseille,13001,FR,Actif,2023-10-24,migration_batch_12.xlsx,Doublon suspecté
B2B-38932-0922,Maintenance Blanc SARL,010127891,01012789180005,FR84010127891,,Jean Michel,+33 5 28 72 68 54,Reims,51100,FR,Actif,2024-05-15,legacy_erp_export.csv,Migration ERP en cours
B2B-49851-0923,Industrie Roux SARL,439468960,43946896009429,FR61439468960,facturation.industrierouxsarl@orange.fr,Sophie Richard,+33 7 21 71 16 67,Lille,59000,FR,Inactif,2022-12-21,partner_feed_b2b.csv,
B2B-60872-0924,Équipements Renault France,367850898,36785089834729,FR02367850898,facturation.quipementsrenaultfra@entreprise.fr,Isabelle Bonnet,+33 7 93 40 46 74,Bordeaux,33000,FR,Actif,2023-05-07,partner_feed_b2b.csv,SIRET à vérifier
B2B-87117-0925,Équipements Mercier SASU,425135427,42513542757433,FR47425135427,compta.quipementsmerciersas@societe.com,Catherine Michel,+33 6 12 71 63 69,Reims,51100,FR,Actif,2022-03-08,import_crm_2024_Q1.xlsx,Migration ERP en cours
B2B-14390-0926,Groupe Blanc SAS,656582345,65658234543716,,facturation.groupeblancsas@entreprise.fr,Isabelle Richard,+33 6 35 96 26 62,Lille,59000,FR,Actif,2023-06-17,partner_feed_b2b.csv,
B2B-51717-0927,Services Lambert & Fils,752553418,,FR10752553418,facture.serviceslambertfils@gmail.com,Jean Lemaire,+33 7 84 95 56 63,Toulouse,31000,FR,En attente,2023-03-17,partner_feed_b2b.csv,Migration ERP en cours
B2B-62663-0928,Équipements Perrin SASU,614477618,61447761887677,FR52614477618,facturation.quipementsperrinsasu@gmail.com,Nicolas Lemaire,+33 7 61 95 93 59,Bordeaux,33000,FR,Actif,2025-04-15,manual_onboarding_2023.xlsx,
B2B-79042-0929,Négoce Simon EURL,914233029,91423302937456,,,Isabelle Michel,+33 4 89 78 64 32,Strasbourg,67000,FR,Inactif,2022-03-08,manual_onboarding_2023.xlsx,Email facturation manquant
B2B-50308-0930,Équipements Blanc SAS,733891473,,FR53733891473,facturation.quipementsblancsas@laposte.net,Nicolas Robert,+33 7 87 43 46 23,Nice,06000,FR,Inactif,2023-04-08,manual_onboarding_2023.xlsx,
B2B-80421-0931,Logistique Lefebvre SA,664774132,66477413266254,FRXX664774132,facturation.logistiquelefebvresa@orange.fr,Jean Robert,+33 7 35 44 63 50,Lyon,69001,FR,Actif,2022-09-01,partner_feed_b2b.csv,Compte créé avant réforme facturation électronique
B2B-88946-0932,Logistique Simon SASU,559909846,55990984643292,FR47559909846,facturation.logistiquesimonsasu@laposte.net,Thomas Petit,+33 7 89 32 37 78,Strasbourg,67000,FR,En attente,2022-03-26,import_crm_2024_Q1.xlsx,Client prioritaire - relance facturation
B2B-79844-0933,  Groupe Simon SARL  ,146342927,,FR03146342927,facturation.groupesimonsarl@laposte.net,Anne Fournier,+33 4 16 85 23 32,Grenoble,38000,FR,Actif,2023-02-07,legacy_erp_export.csv,
B2B-53560-0934,Industrie Martin France,553015305,55301530538906,FR25553015305,facturation.industriemartinfranc@gmail.com,Catherine Fournier,+33 6 16 88 62 56,Nice,06000,FR,Inactif,2023-05-02,manual_onboarding_2023.xlsx,Doublon suspecté
B2B-49790-0935,Négoce Girard SA,182991267,18299126707218,FR82182991267,facturation.ngocegirardsa@entreprise.fr,Nicolas Dupuis,,Marseille,13001,FR,Suspendu,2024-12-14,legacy_erp_export.csv,
B2B-97051-0936,services laurent & fils,421682682,,FR54421682682,facturation.serviceslaurentfils@entreprise.fr,Isabelle Dupuis,+33 7 89 82 58 28,Lyon,69001,FR,Actif,2023-12-09,migration_batch_12.xlsx,Client prioritaire - relance facturation
B2B-28238-0937,Services Laurent SARL,572287039,57228703984592,INVALID,facturation.serviceslaurentsarl@entreprise.fr,Nicolas Giraud,+33 7 26 42 34 81,Paris,75001,FR,Actif,2023-11-10,migration_batch_12.xlsx,
B2B-29322-0938,Services Simon SA,860604800,86060480054854,,facturation.servicessimonsa@laposte.net,Nicolas Fournier,+33 7 98 87 53 15,Paris,75001,FR,Actif,2024-06-11,partner_feed_b2b.csv,Migration ERP en cours
B2B-36769-0939,Équipements Lambert EURL,016556237,01655623766670,FR6701655,facturation.quipementslamberteur@societe.com,Catherine Lemaire,+33 5 64 99 88 89,Lille,59000,FR,Actif,2025-04-26,import_crm_2024_Q1.xlsx,
B2B-22804-0940,Distribution Bernard France,386047945,38604794580661,FR28386047945,facturation.distributionbernardf@gmail.com,Sophie Giraud,+33 7 25 42 76 85,Rennes,35000,FR,Actif,2022-05-31,migration_batch_12.xlsx,
B2B-44028-0941,Équipements Roux SASU,790534724,79053472412186,FR65790534724,facturation.quipementsrouxsasu@entreprise.fr,Catherine Richard,+33 5 38 26 94 60,Nantes,44000,FR,En attente,2024-04-27,manual_onboarding_2023.xlsx,SIRET à vérifier
B2B-96616-0942,Services Lambert SARL,292582287,29258228714520,FR81292582287,facturation.serviceslambertsarl@societe.com,Sophie Robert,+33 6 15 65 75 75,Reims,51100,FR,Suspendu,2024-10-11,migration_batch_12.xlsx,
B2B-90060-0943,Négoce Blanc France,645837449,64583744962251,FR21645837449,facturation.ngoceblancfrance@laposte.net,Pierre Petit,+33 6 20 71 51 54,Rennes,35000,FR,Actif,2025-01-05,partner_feed_b2b.csv,Migration ERP en cours
B2B-21401-0944,Logistique Moreau France,148626751,,FR74148626751,facturation.logistiquemoreaufran@entreprise.fr,Philippe Michel,+33 7 88 62 55 50,Rennes,35000,FR,En attente,2024-05-24,legacy_erp_export.csv,
B2B-16530-0945,Industrie Martin SARL,935820167,93582016796522,FR86935820167,facturation.industriemartinsarl@laposte.net,Anne Fournier,+33 4 32 45 28 26,Reims,51100,FR,Inactif,2024-02-21,partner_feed_b2b.csv,Compte créé avant réforme facturation électronique
B2B-16398-0946,Groupe Dupont France,984601801,98460180125760,FR21984601801,facturation.groupedupontfrance@laposte.net,Thomas Durand,+33 7 38 66 40 57,Toulouse,31000,FR,Actif,2023-07-13,partner_feed_b2b.csv,
B2B-55226-0947,Groupe Faure & Fils,392609676,39260967618059,fr41392609676,facturation.groupefaurefils@entreprise.fr,Pierre Durand,+33 4 60 99 48 89,Grenoble,38000,FR,Suspendu,2022-11-11,migration_batch_12.xlsx,Doublon suspecté
B2B-15580-0948,Distribution Marchand SA,215538309,21553830941946,FR38215538309,facturation.distributionmarchand@societe.com,Pierre Petit,+33 9 33 63 43 37,Le Havre,76600,FR,Inactif,2025-02-23,migration_batch_12.xlsx,
B2B-72979-0949,Distribution Renault SA,519919811,51991981108981,FR27519919811,facturation.distributionrenaults@orange.fr,Anne Dupuis,+33 5 22 49 87 31,Nantes,44000,FR,Suspendu,2023-05-16,migration_batch_12.xlsx,Doublon suspecté
B2B-96895-0950,Solutions Martin EURL,974776561,97477656147401,FR79974776561,facturation @entreprise.fr,Nicolas Lemaire,+33 4 91 49 38 65,Paris,75001,FR,Actif,2025-04-07,manual_onboarding_2023.xlsx,
B2B-73815-0951,Distribution Marchand SARL,634153591,63415359187030,FR76634153591,facturation.distributionmarchand@gmail.com,Marie Petit,+33 5 69 68 39 46,Paris,75001,FR,Inactif,2022-10-01,legacy_erp_export.csv,Doublon suspecté
B2B-57878-0952,Groupe Renault SA,785641350,78564135051577,FR20785641350,facturation.grouperenaultsa@societe.com,Isabelle Dupuis,+33 6 89 95 50 29,Lyon,69001,FR,Suspendu,2025-04-07,manual_onboarding_2023.xlsx,Email facturation manquant
B2B-88355-0953,Services Dubois France,475816605,,,facturation @entreprise.fr,Sophie Moreau,+33 6 93 91 48 66,Saint-Étienne,42000,FR,Suspendu,2022-07-16,manual_onboarding_2023.xlsx,Email facturation manquant
B2B-97744-0954,négoce blanc sarl,973418558,97341855893437,FR70973418558,facturation@,Catherine Michel,+33 7 14 25 69 13,Lille,59000,FR,Actif,2024-06-16,import_crm_2024_Q1.xlsx,SIRET à vérifier
B2B-70294-0955,Services Dubois SA,949078693,94907869389116,FR38949078693,facturation.servicesduboissa@gmail.com,Philippe Lemaire,+33 7 84 40 95 80,Nantes,44000,FR,Inactif,2024-09-23,legacy_erp_export.csv,Doublon suspecté
B2B-98317-0956,Services Laurent SASU,589607072,,FR38589607072,facturation.serviceslaurentsasu@laposte.net,Marie Richard,+33 7 23 34 88 10,Lille,59000,FR,Actif,2023-04-10,partner_feed_b2b.csv,SIRET à vérifier
B2B-98129-0957,Équipements Dupont SAS,357967149,35796714987498,FR06357967149,facturation.quipementsdupontsas@gmail.com,François Durand,+33 4 56 90 65 56,Grenoble,38000,FR,Suspendu,2024-04-30,legacy_erp_export.csv,Email facturation manquant
B2B-87502-0958,Logistique Bernard France,412886694,41288669488109,FR67412886694,facturation.logistiquebernardfra@orange.fr,Sophie Robert,+33 6 51 30 58 20,Marseille,13001,FR,Actif,2023-09-19,partner_feed_b2b.csv,Doublon suspecté
B2B-69179-0959,Groupe Mercier SARL,446532556,44653255668258,FR35446532556,facturation.groupemerciersarl@gmail.com,Julie Giraud,+33 5 20 37 58 67,Lyon,69001,FR,Suspendu,2025-01-10,import_crm_2024_Q1.xlsx,Client prioritaire - relance facturation
B2B-68269-0960,Groupe Faure & Fils,684184713,68418471321733,FR07684184713,facturation.groupefaurefils@gmail.com,Marie Michel,+33 4 35 41 51 44,Marseille,13001,FR,Actif,2023-02-05,import_crm_2024_Q1.xlsx,Compte créé avant réforme facturation électronique
B2B-73135-0961,Distribution Perrin SARL,647709066,64770906631095,FR27647709066,facturation.distributionperrinsa@entreprise.fr,Philippe Robert,+33 5 10 71 63 93,Lille,59000,FR,Actif,2025-01-22,migration_batch_12.xlsx,Compte créé avant réforme facturation électronique
B2B-61740-0962,Transports Roux France,804186939,80418693921212,FR12804186939,facturation@,Nicolas Dupuis,+33 7 42 88 64 69,Montpellier,34000,FR,En attente,2022-02-11,partner_feed_b2b.csv,Migration ERP en cours
B2B-84596-0963,Logistique Marchand & Fils,097034257,09703425716172,FR60097034257,,Marie Lemaire,+33 1 34 60 79 28,Paris,75001,FR,Actif,2022-05-18,migration_batch_12.xlsx,Client prioritaire - relance facturation
B2B-93573-0964,Logistique Perrin SASU,625260223,62526022399186,FR16625260223,facturation.logistiqueperrinsasu@gmail.com,Thomas Lemaire,+33 7 45 75 11 28,Grenoble,38000,FR,En attente,2023-09-03,legacy_erp_export.csv,
B2B-10558-0965,Solutions Girard EURL,657351743,65735174328530,FR39657351743,@domaine.fr,Marie Durand,+33 1 48 16 21 29,Rennes,35000,FR,Inactif,2025-03-05,migration_batch_12.xlsx,
B2B-38907-0966,Transports Lefebvre SARL,597177173,59717717353845,FR22597177173,facturation.transportslefebvresa@societe.com,Catherine Durand,+33 5 19 26 42 99,Nantes,44000,FR,Suspendu,2025-02-11,migration_batch_12.xlsx,Doublon suspecté
B2B-37372-0967,Maintenance Marchand EURL,376841873,37684187387455,FR40376841873,facturation.maintenancemarchande@entreprise.fr,Jean Durand,+33 6 49 51 93 85,Le Havre,76600,FR,Inactif,2023-04-30,import_crm_2024_Q1.xlsx,Client prioritaire - relance facturation
B2B-39595-0968,Solutions Moreau France,249675748,24967574839609,FR46249675748,facturation.solutionsmoreaufranc@societe.com,Nicolas Giraud,+33 5 99 66 37 24,Paris,75001,FR,Actif,2024-07-20,migration_batch_12.xlsx,Doublon suspecté
B2B-85985-0969,Transports Lambert France,624731780,62473178012833,FR55624731780,facturation.transportslambertfra@entreprise.fr,Philippe Petit,+33 6 71 83 70 60,Paris,75001,FR,Inactif,2022-11-07,legacy_erp_export.csv,SIRET à vérifier
B2B-99538-0970,Négoce Dupont SASU,934854034,93485403433793,FR47934854034,facturation.ngocedupontsasu@entreprise.fr,Thomas Leroy,+33 1 65 58 85 86,Lille,59000,FR,Inactif,2025-01-27,partner_feed_b2b.csv,
B2B-91893-0971,Industrie Perrin SAS,777795707,77779570729205,FR44777795707,facturation.industrieperrinsas@entreprise.fr,Catherine Bonnet,+33 7 18 95 20 17,Strasbourg,67000,FR,Actif,2022-03-08,partner_feed_b2b.csv,Compte créé avant réforme facturation électronique
B2B-95610-0972,Services Lefebvre SASU,243233309,24323330930118,FR76243233309,,Nicolas Moreau,+33 7 13 58 82 43,Rennes,35000,FR,Inactif,2025-01-06,partner_feed_b2b.csv,Doublon suspecté
B2B-28425-0973,Transports Martin France,941285378,94128537834721,FR03941285378,facturation.transportsmartinfran@laposte.net,Thomas Giraud,,Strasbourg,67000,FR,Actif,2023-09-29,legacy_erp_export.csv,Compte créé avant réforme facturation électronique
B2B-87344-0974,Services Faure SARL,132677361,13267736107685,FR64132677361,facturation.servicesfauresarl@orange.fr,Catherine Moreau,+33 5 26 56 52 13,Strasbourg,67000,FR,Actif,2022-12-12,import_crm_2024_Q1.xlsx,Client prioritaire - relance facturation
B2B-19851-0975,Industrie Laurent SASU,701958666,70195866661862,FR93701958666,facturation.industrielaurentsasu@societe.com,Thomas Fournier,+33 7 35 99 19 42,Reims,51100,FR,Inactif,2025-03-28,partner_feed_b2b.csv,Migration ERP en cours
B2B-49376-0976,  Équipements Dupont EURL  ,160332886,16033288602540,,facturation.quipementsduponteurl@laposte.net,Marie Lemaire,+33 7 49 53 97 20,Paris,75001,FR,Actif,2023-09-02,manual_onboarding_2023.xlsx,Migration ERP en cours
B2B-18758-0977,Groupe Faure EURL,648792106,64879210661140,FR35648792106,facturation.groupefaureeurl@laposte.net,François Lemaire,+33 6 55 31 61 97,Marseille,13001,FR,Actif,2024-09-12,migration_batch_12.xlsx,Doublon suspecté
B2B-48319-0978,Services Roux & Fils,833095876,83309587628333,FR93833095876,facturation.servicesrouxfils@entreprise.fr,Thomas Lemaire,+33 9 16 21 43 52,Lille,59000,FR,En attente,2023-12-02,migration_batch_12.xlsx,
B2B-91390-0979,Distribution Renault & Fils,701501962,70150196203631,FR09701501962,facturation.distributionrenaultf@societe.com,Pierre Leroy,+33 6 15 25 81 29,Marseille,13001,FR,Actif,2023-07-05,migration_batch_12.xlsx,Client prioritaire - relance facturation
B2B-72471-0980,Solutions Blanc France,958291588,95829158810135,FR28958291588,facturation.solutionsblancfrance@entreprise.fr,Sophie Bonnet,+33 1 46 86 31 12,Lyon,69001,FR,Actif,2023-01-11,manual_onboarding_2023.xlsx,Compte créé avant réforme facturation électronique
B2B-71308-0981,Logistique Dubois SASU,396262595,39626259590846,FR29396262595,facturation.logistiqueduboissasu@gmail.com,Pierre Michel,+33 9 67 40 92 65,Toulouse,31000,FR,Actif,2023-12-03,manual_onboarding_2023.xlsx,Email facturation manquant
B2B-78012-0982,maintenance mercier sas,729657153,,FR19729657153,facturation.maintenancemerciersa@gmail.com,Pierre Bonnet,+33 1 38 44 78 92,Saint-Étienne,42000,FR,Suspendu,2022-04-13,migration_batch_12.xlsx,Migration ERP en cours
B2B-11243-0983,services mercier sas,916573763,91657376350062,FR27916573763,@domaine.fr,Pierre Leroy,+33 6 14 38 62 86,Strasbourg,67000,FR,Suspendu,2023-11-12,legacy_erp_export.csv,Email facturation manquant
B2B-41683-0984,Groupe Renault France,117226411,11722641155194,FR22117226411,facturation.grouperenaultfrance@societe.com,Jean Durand,+33 5 26 88 38 37,Nantes,44000,FR,En attente,2025-01-08,legacy_erp_export.csv,Doublon suspecté
B2B-90800-0985,Transports Simon SAS,667715397,21433,FR76667715397,facturation.transportssimonsas@laposte.net,Catherine Lemaire,+33 9 51 11 15 35,Strasbourg,67000,FR,Inactif,2024-04-12,import_crm_2024_Q1.xlsx,Migration ERP en cours
B2B-49466-0986,Transports Mercier SAS,278735549,27873554932582,FR20278735549,facturation.transportsmerciersas@gmail.com,Philippe Bonnet,+33 6 17 65 66 56,Montpellier,34000,FR,En attente,2024-03-30,migration_batch_12.xlsx,
B2B-46330-0987,Équipements Roux SA,539252878,53925287825969,FR18539252878,facturation.quipementsrouxsa@orange.fr,Thomas Petit,+33 4 12 71 39 45,Bordeaux,33000,FR,Actif,2022-07-27,legacy_erp_export.csv,
B2B-48419-0988,SeRviCES maRtIN sAs,740985377,74098537745461,FR62740985377,@domaine.fr,Isabelle Petit,+33 6 41 26 51 22,Toulouse,31000,FR,Inactif,2024-11-24,import_crm_2024_Q1.xlsx,
B2B-42698-0989,Négoce Renault SARL,505349419,50534941990702,FR58505349419,facturation.ngocerenaultsarl@entreprise.fr,Isabelle Leroy,+33 6 60 65 39 32,Nantes,44000,FR,Inactif,2022-09-04,partner_feed_b2b.csv,
B2B-19756-0990,Distribution Perrin SARL,856352009,85635200905444,FR78856352009,facturation.distributionperrinsa@laposte.net,Pierre Durand,+33 7 74 55 95 93,Nantes,44000,FR,Inactif,2022-02-19,migration_batch_12.xlsx,
B2B-87707-0991,Industrie Laurent EURL,010146102,01014610267,FR09010146102,facturation.industrielaurenteurl@societe.com,Thomas Giraud,+33 6 14 45 60 94,Le Havre,76600,FR,Actif,2022-07-01,migration_batch_12.xlsx,Doublon suspecté
B2B-65111-0992,Équipements Lambert France,905096568,90509656849832,FR47905096568,facturation.quipementslambertfra@entreprise.fr,Pierre Giraud,+33 7 29 72 30 10,Marseille,13001,FR,Suspendu,2023-01-31,partner_feed_b2b.csv,Client prioritaire - relance facturation
B2B-56098-0993,Industrie Martin France,640783088,64078308879122,FR75640783088,facturation.industriemartinfranc@entreprise.fr,Thomas Bonnet,+33 7 23 92 42 54,Strasbourg,67000,FR,Actif,2025-03-01,import_crm_2024_Q1.xlsx,SIRET à vérifier
B2B-59665-0994,Distribution Moreau SARL,886751851,88675185139888,FR886751851,facturation.distributionmoreausa@laposte.net,Philippe Durand,+33 7 61 36 48 41,Strasbourg,67000,FR,Actif,2022-03-08,legacy_erp_export.csv,Doublon suspecté
B2B-79370-0995,Industrie Dupont & Fils,565337774,56533777413031,FR53565337774,facturation.industriedupontfils@entreprise.fr,,+33 6 85 30 63 23,Toulouse,31000,FR,Actif,2022-10-11,manual_onboarding_2023.xlsx,Migration ERP en cours
B2B-54173-0996,Transports Lambert France,500549089,50054908974452,,facturation.transportslambertfra@entreprise.fr,Philippe Dupuis,+33 7 27 49 58 22,Toulouse,31000,FR,Suspendu,2022-05-02,import_crm_2024_Q1.xlsx,
B2B-86056-0997,Industrie Dupont EURL,143529493,14352949393568,FR59143529493,facturation.industrieduponteurl@laposte.net,Marie Fournier,+33 9 50 44 62 59,Grenoble,38000,FR,Actif,2022-10-25,manual_onboarding_2023.xlsx,
B2B-69289-0998,Services Roux SA,560022301,56002230148795,FR46560022301,,Julie Fournier,+33 6 33 56 20 94,Paris,75001,FR,Actif,2024-11-04,import_crm_2024_Q1.xlsx,Doublon suspecté
B2B-19102-0999,Négoce Laurent EURL,666081233,66608123372525,FR61666081233,facturation.ngocelaurenteurl@laposte.net,Nicolas Fournier,+33 1 84 81 58 34,Lille,59000,FR,Actif,2023-09-13,manual_onboarding_2023.xlsx,
B2B-11941-1000,Maintenance Lefebvre & Fils,224824885,22482488532023,,facturation.maintenancelefebvref@entreprise.fr,Sophie Fournier,+33 7 15 38 19 24,Lyon,69001,FR,Actif,2022-09-06,migration_batch_12.xlsx,Client prioritaire - relance facturation
